,0,1
0,1658932916,0.2506266
1,1658932917,8.883249
2,1658932918,7.653061
3,1658932919,0.7518796999999999
4,1658932920,2.75
5,1658932921,0.7518796999999999
6,1658932922,0.2512563
7,1658932923,0.5
8,1658932924,0.4987531
9,1658932925,0.7481297
10,1658932926,0.248139
11,1658932927,0.49751239999999997
12,1658932928,0.5
13,1658932929,0.0
14,1658932930,0.75
15,1658932931,0.0
16,1658932932,0.7462687
17,1658932933,0.25316459999999996
18,1658932934,0.24937659999999998
19,1658932935,0.0
20,1658932936,0.0
21,1658932937,1.5037593999999999
22,1658932938,0.7518796999999999
23,1658932939,7.575758
24,1658932940,0.0
25,1658932941,0.0
26,1658932942,0.49751239999999997
27,1658932943,0.2512563
28,1658932944,0.2506266
29,1658932945,0.7537688
30,1658932946,0.0
31,1658932947,0.9975062
32,1658932948,0.0
33,1658932949,0.0
34,1658932950,0.24937659999999998
35,1658932951,0.0
36,1658932952,8.478803
37,1658932953,0.2506266
38,1658932954,0.0
39,1658932955,0.2506266
40,1658932956,0.0
41,1658932957,2.01005
42,1658932958,0.7481297
43,1658932959,0.5037783
44,1658932960,0.4987531
45,1658932961,0.0
46,1658932962,0.75
47,1658932963,0.2512563
48,1658932964,0.7537688
49,1658932965,7.070707
50,1658932966,5.102041
51,1658932967,0.9975062
52,1658932968,0.24875619999999998
53,1658932969,0.4987531
54,1658932970,0.5012531
55,1658932971,0.5076142
56,1658932972,0.2506266
57,1658932973,0.2506266
58,1658932974,0.75
59,1658932975,0.5025126
60,1658932976,0.75
61,1658932977,1.2531328
62,1658932978,1.25
63,1658932979,0.25
64,1658932980,3.5
65,1658932981,0.25
66,1658932982,1.2562814
67,1658932983,6.345178
68,1658932984,4.030227
69,1658932985,0.25
70,1658932986,0.0
71,1658932987,0.4987531
72,1658932988,0.0
73,1658932989,0.5025126
74,1658932990,0.24875619999999998
75,1658932991,0.24937659999999998
76,1658932992,1.0075567
77,1658932993,0.0
78,1658932994,0.0
79,1658932995,0.2506266
80,1658932996,0.7518796999999999
81,1658932997,1.2531328
82,1658932998,0.5050505
83,1658932999,0.5012531
84,1658933000,0.7481297
85,1658933001,0.25
86,1658933002,0.4962779
87,1658933003,0.0
88,1658933004,0.0
89,1658933005,0.5012531
90,1658933006,0.5012531
91,1658933007,1.75
92,1658933008,0.2525253
93,1658933009,0.5012531
94,1658933010,0.9925558
95,1658933011,0.7575757999999999
96,1658933012,0.7407406999999999
97,1658933013,0.0
98,1658933014,0.0
99,1658933015,0.5025126
100,1658933016,0.25
101,1658933017,0.4987531
102,1658933018,0.7518796999999999
103,1658933019,0.0
104,1658933020,0.0
105,1658933021,0.0
106,1658933022,1.25
107,1658933023,0.5037783
108,1658933024,0.25
109,1658933025,0.75
110,1658933026,0.2525253
111,1658933027,0.75
112,1658933028,0.49751239999999997
113,1658933029,0.2506266
114,1658933030,0.25
115,1658933031,0.75
116,1658933032,1.5
117,1658933033,0.5050505
118,1658933034,0.5
119,1658933035,0.5012531
120,1658933036,0.0
121,1658933037,1.25
122,1658933038,0.25
123,1658933039,0.5037783
124,1658933040,2.770781
125,1658933041,0.24937659999999998
126,1658933042,0.7556674999999999
127,1658933043,0.7537688
128,1658933044,0.0
129,1658933045,0.7444168999999999
130,1658933046,0.4962779
131,1658933047,1.2406948
132,1658933048,0.5012531
133,1658933049,0.24875619999999998
134,1658933050,0.7462687
135,1658933051,0.248139
136,1658933052,1.2437811
137,1658933053,0.4950495
138,1658933054,0.0
139,1658933055,0.24937659999999998
140,1658933056,24.25
141,1658933057,25.44081
142,1658933058,25.31328
143,1658933059,25.56962
144,1658933060,25.44081
145,1658933061,25.37688
146,1658933062,25.18892
147,1658933063,25.31646
148,1658933064,25.37688
149,1658933065,25.44081
150,1658933066,25.44081
151,1658933067,25.75
152,1658933068,25.12563
153,1658933069,25.50505
154,1658933070,25.37688
155,1658933071,25.44081
156,1658933072,22.53165
157,1658933073,0.0
158,1658933074,0.5
159,1658933075,0.49751239999999997
160,1658933076,0.4950495
161,1658933077,0.5037783
162,1658933078,0.0
163,1658933079,0.24937659999999998
164,1658933080,0.24937659999999998
165,1658933081,0.5037783
166,1658933082,1.4962594
167,1658933083,0.9950249
168,1658933084,0.24875619999999998
169,1658933085,0.24937659999999998
170,1658933086,0.0
171,1658933087,0.4987531
172,1658933088,0.2506266
173,1658933089,0.49751239999999997
174,1658933090,0.2525253
175,1658933091,1.0050251
176,1658933092,0.9975062
177,1658933093,0.2512563
178,1658933094,0.0
179,1658933095,0.0
180,1658933096,0.0
181,1658933097,0.7556674999999999
182,1658933098,0.5037783
183,1658933099,0.7462687
184,1658933100,3.02267
185,1658933101,0.9975062
186,1658933102,1.2376238
187,1658933103,0.9925558
188,1658933104,0.2525253
189,1658933105,0.5
190,1658933106,0.5
191,1658933107,1.5037593999999999
192,1658933108,0.0
193,1658933109,0.0
194,1658933110,0.0
195,1658933111,0.0
196,1658933112,1.5075376999999999
197,1658933113,0.5025126
198,1658933114,0.7444168999999999
199,1658933115,0.7481297
200,1658933116,0.24875619999999998
201,1658933117,0.248139
202,1658933118,0.4962779
203,1658933119,0.2506266
204,1658933120,0.24691359999999998
205,1658933121,0.75
206,1658933122,0.5050505
207,1658933123,0.25
208,1658933124,0.49751239999999997
209,1658933125,0.5025126
210,1658933126,0.0
211,1658933127,1.5
212,1658933128,0.0
213,1658933129,0.4987531
214,1658933130,1.0
215,1658933131,0.7518796999999999
216,1658933132,1.2437811
217,1658933133,0.5076142
218,1658933134,0.5037783
219,1658933135,0.5012531
220,1658933136,0.2475248
221,1658933137,0.49751239999999997
222,1658933138,0.25
223,1658933139,0.0
224,1658933140,0.7537688
225,1658933141,0.4987531
226,1658933142,1.4925373
227,1658933143,0.5025126
228,1658933144,0.9925558
229,1658933145,7.920792
230,1658933146,0.4987531
231,1658933147,0.4950495
232,1658933148,0.0
233,1658933149,0.7537688
234,1658933150,0.4987531
235,1658933151,0.7518796999999999
236,1658933152,1.2562814
237,1658933153,0.0
238,1658933154,0.0
239,1658933155,0.0
240,1658933156,0.24875619999999998
241,1658933157,0.75
242,1658933158,1.0
243,1658933159,12.176166
244,1658933160,2.9925189999999997
245,1658933161,0.75
246,1658933162,0.49751239999999997
247,1658933163,0.24937659999999998
248,1658933164,0.7462687
249,1658933165,0.7518796999999999
250,1658933166,0.5
251,1658933167,1.0050251
252,1658933168,0.2475248
253,1658933169,0.0
254,1658933170,0.0
255,1658933171,0.0
256,1658933172,0.7444168999999999
257,1658933173,0.7556674999999999
258,1658933174,0.9975062
259,1658933175,0.5012531
260,1658933176,0.0
261,1658933177,10.327456
262,1658933178,0.7481297
263,1658933179,0.5012531
264,1658933180,0.5012531
265,1658933181,0.0
266,1658933182,0.5
267,1658933183,0.2512563
268,1658933184,0.0
269,1658933185,0.5
270,1658933186,0.24691359999999998
271,1658933187,1.2626263
272,1658933188,0.4987531
273,1658933189,0.24937659999999998
274,1658933190,0.0
275,1658933191,0.0
276,1658933192,1.25
277,1658933193,0.5
278,1658933194,7.26817
279,1658933195,0.0
280,1658933196,0.0
281,1658933197,0.9950249
282,1658933198,0.0
283,1658933199,0.5
284,1658933200,0.25
285,1658933201,0.5
286,1658933202,0.2512563
287,1658933203,0.24875619999999998
288,1658933204,0.0
289,1658933205,0.24937659999999998
290,1658933206,0.4962779
291,1658933207,0.5037783
292,1658933208,18.09045
293,1658933209,25.50505
294,1658933210,25.18892
295,1658933211,25.44081
296,1658933212,25.6927
297,1658933213,24.93703
298,1658933214,25.18892
299,1658933215,25.12563
300,1658933216,25.37688
301,1658933217,25.56391
302,1658933218,25.06266
303,1658933219,25.31328
304,1658933220,26.93267
305,1658933221,25.43641
306,1658933222,25.25
307,1658933223,25.06266
308,1658933224,25.06266
309,1658933225,3.007519
310,1658933226,0.25316459999999996
311,1658933227,0.9950249
312,1658933228,0.49382719999999997
313,1658933229,0.4987531
314,1658933230,0.49751239999999997
315,1658933231,0.7462687
316,1658933232,0.5
317,1658933233,0.49751239999999997
318,1658933234,0.0
319,1658933235,0.2506266
320,1658933236,0.25
321,1658933237,0.7462687
322,1658933238,0.2506266
323,1658933239,0.7481297
324,1658933240,0.7481297
325,1658933241,0.5025126
326,1658933242,0.49751239999999997
327,1658933243,0.25
328,1658933244,0.4987531
329,1658933245,0.75
330,1658933246,0.5
331,1658933247,0.9975062
332,1658933248,0.24875619999999998
333,1658933249,0.4962779
334,1658933250,0.5012531
335,1658933251,0.5037783
336,1658933252,1.0050251
337,1658933253,0.5
338,1658933254,0.7481297
339,1658933255,0.24875619999999998
340,1658933256,0.4962779
341,1658933257,1.0050251
342,1658933258,0.5
343,1658933259,0.5012531
344,1658933260,0.5012531
345,1658933261,0.5037783
346,1658933262,0.25
347,1658933263,0.49751239999999997
348,1658933264,0.2475248
349,1658933265,0.24937659999999998
350,1658933266,0.24937659999999998
351,1658933267,5.223881
352,1658933268,4.5454550000000005
353,1658933269,0.4987531
354,1658933270,0.4987531
355,1658933271,0.4987531
356,1658933272,0.49751239999999997
357,1658933273,0.248139
358,1658933274,0.4987531
359,1658933275,0.24937659999999998
360,1658933276,0.7481297
361,1658933277,1.0050251
362,1658933278,0.49261079999999996
363,1658933279,0.5
364,1658933280,2.0
365,1658933281,8.521303
366,1658933282,1.4925373
367,1658933283,0.7537688
368,1658933284,0.5012531
369,1658933285,0.2512563
370,1658933286,0.25
371,1658933287,0.7425743
372,1658933288,0.25
373,1658933289,0.25
374,1658933290,0.5
375,1658933291,0.2538071
376,1658933292,0.7444168999999999
377,1658933293,0.75
378,1658933294,5.541562
379,1658933295,2.770781
380,1658933296,0.7444168999999999
381,1658933297,0.24937659999999998
382,1658933298,0.75
383,1658933299,0.4962779
384,1658933300,0.24937659999999998
385,1658933301,0.0
386,1658933302,1.25
387,1658933303,0.24875619999999998
388,1658933304,0.4987531
389,1658933305,0.24875619999999998
390,1658933306,0.49261079999999996
391,1658933307,0.7481297
392,1658933308,0.4987531
393,1658933309,0.5
394,1658933310,0.7462687
395,1658933311,0.24875619999999998
396,1658933312,0.248139
397,1658933313,0.25
398,1658933314,0.4962779
399,1658933315,0.7537688
400,1658933316,0.5
401,1658933317,1.5075376999999999
402,1658933318,0.5025126
403,1658933319,0.25
404,1658933320,0.0
405,1658933321,0.0
406,1658933322,0.24937659999999998
407,1658933323,0.7537688
408,1658933324,0.7462687
409,1658933325,0.5
410,1658933326,0.7481297
411,1658933327,0.9975062
412,1658933328,0.24937659999999998
413,1658933329,0.4987531
414,1658933330,0.24937659999999998
415,1658933331,1.010101
416,1658933332,0.7518796999999999
417,1658933333,0.24937659999999998
418,1658933334,0.9803921999999999
419,1658933335,0.5063291
420,1658933336,0.5050505
421,1658933337,0.4962779
422,1658933338,0.2506266
423,1658933339,0.24875619999999998
424,1658933340,2.977667
425,1658933341,1.0075567
426,1658933342,0.7518796999999999
427,1658933343,0.5012531
428,1658933344,0.5
429,1658933345,0.2512563
430,1658933346,0.24875619999999998
431,1658933347,0.2512563
432,1658933348,0.24937659999999998
433,1658933349,0.4987531
434,1658933350,0.7575757999999999
435,1658933351,0.7518796999999999
436,1658933352,1.0
437,1658933353,0.2525253
438,1658933354,0.7462687
439,1658933355,0.0
440,1658933356,0.7425743
441,1658933357,0.4987531
442,1658933358,0.24937659999999998
443,1658933359,0.2512563
444,1658933360,0.7518796999999999
445,1658933361,0.5025126
446,1658933362,1.0
447,1658933363,1.2594458
448,1658933364,0.5
449,1658933365,0.24937659999999998
450,1658933366,0.25
451,1658933367,1.25
452,1658933368,0.75
453,1658933369,0.24937659999999998
454,1658933370,0.5025126
455,1658933371,0.4987531
456,1658933372,0.9925558
457,1658933373,0.2506266
458,1658933374,0.5012531
459,1658933375,0.5025126
460,1658933376,0.5050505
461,1658933377,1.2562814
462,1658933378,0.5
463,1658933379,0.2512563
464,1658933380,0.4987531
465,1658933381,0.24570019999999998
466,1658933382,0.7425743
467,1658933383,0.2518892
468,1658933384,0.75
469,1658933385,0.5
470,1658933386,0.2506266
471,1658933387,0.7481297
472,1658933388,0.0
473,1658933389,0.2512563
474,1658933390,1.4962594
475,1658933391,0.7462687
476,1658933392,0.7575757999999999
477,1658933393,0.5037783
478,1658933394,0.4962779
479,1658933395,0.25
480,1658933396,1.0
481,1658933397,0.5
482,1658933398,0.7518796999999999
483,1658933399,0.7556674999999999
484,1658933400,2.763819
485,1658933401,1.2437811
486,1658933402,2.005013
487,1658933403,8.060453
488,1658933404,8.527132
489,1658933405,0.7537688
490,1658933406,0.2518892
491,1658933407,1.2562814
492,1658933408,0.9950249
493,1658933409,0.4987531
494,1658933410,0.24937659999999998
495,1658933411,0.5012531
496,1658933412,0.5025126
497,1658933413,0.2506266
498,1658933414,0.5012531
499,1658933415,0.5037783
500,1658933416,0.5012531
501,1658933417,0.7481297
502,1658933418,0.25
503,1658933419,0.24937659999999998
504,1658933420,0.25
505,1658933421,0.0
506,1658933422,0.5012531
507,1658933423,0.2506266
508,1658933424,0.24937659999999998
509,1658933425,3.517588
510,1658933426,9.113924
511,1658933427,0.5
512,1658933428,0.248139
513,1658933429,0.49261079999999996
514,1658933430,0.4987531
515,1658933431,0.7462687
516,1658933432,1.2437811
517,1658933433,0.49751239999999997
518,1658933434,0.5
519,1658933435,0.7633588
520,1658933436,0.7481297
521,1658933437,1.25
522,1658933438,0.4962779
523,1658933439,0.24875619999999998
524,1658933440,0.24937659999999998
525,1658933441,0.2506266
526,1658933442,1.4925373
527,1658933443,0.0
528,1658933444,9.0
529,1658933445,0.2518892
530,1658933446,0.4962779
531,1658933447,0.5037783
532,1658933448,0.7518796999999999
533,1658933449,1.0025063
534,1658933450,0.0
535,1658933451,0.7556674999999999
536,1658933452,0.7462687
537,1658933453,0.49751239999999997
538,1658933454,0.25
539,1658933455,0.7556674999999999
540,1658933456,0.5012531
541,1658933457,0.9975062
542,1658933458,0.5
543,1658933459,0.5076142
544,1658933460,3.508772
545,1658933461,0.75
546,1658933462,0.5012531
547,1658933463,0.0
548,1658933464,0.2512563
549,1658933465,1.0075567
550,1658933466,0.4987531
551,1658933467,0.7537688
552,1658933468,0.24937659999999998
553,1658933469,0.25
554,1658933470,0.5
555,1658933471,0.75
556,1658933472,0.9950249
557,1658933473,0.25
558,1658933474,0.9925558
559,1658933475,0.7537688
560,1658933476,0.5
561,1658933477,1.772152
562,1658933478,0.2475248
563,1658933479,0.0
564,1658933480,0.4950495
565,1658933481,0.25
566,1658933482,1.5
567,1658933483,0.2518892
568,1658933484,0.2525253
569,1658933485,0.2525253
570,1658933486,0.7481297
571,1658933487,1.0
572,1658933488,0.0
573,1658933489,0.2506266
574,1658933490,0.2512563
575,1658933491,0.49751239999999997
576,1658933492,0.4950495
577,1658933493,0.2525253
578,1658933494,0.0
579,1658933495,0.7556674999999999
580,1658933496,0.2512563
581,1658933497,0.7389163
582,1658933498,0.0
583,1658933499,0.248139
584,1658933500,0.49751239999999997
585,1658933501,0.2506266
586,1658933502,1.4851485
587,1658933503,1.2406948
588,1658933504,0.5025126
589,1658933505,0.2525253
590,1658933506,0.2512563
591,1658933507,0.7462687
592,1658933508,0.24937659999999998
593,1658933509,0.4987531
594,1658933510,0.5
595,1658933511,0.4962779
596,1658933512,1.0
597,1658933513,1.99005
598,1658933514,6.8010079999999995
599,1658933515,0.25
600,1658933516,0.4987531
601,1658933517,1.0
602,1658933518,0.0
603,1658933519,0.24875619999999998
604,1658933520,3.030303
605,1658933521,1.2406948
606,1658933522,1.4888337
607,1658933523,0.7518796999999999
608,1658933524,0.4987531
609,1658933525,1.010101
610,1658933526,0.24875619999999998
611,1658933527,0.9925558
612,1658933528,9.487179
613,1658933529,0.25
614,1658933530,1.2562814
615,1658933531,0.0
616,1658933532,0.5012531
617,1658933533,0.5
618,1658933534,0.25
619,1658933535,0.2512563
620,1658933536,0.25
621,1658933537,1.0
622,1658933538,0.24875619999999998
623,1658933539,0.49751239999999997
624,1658933540,0.7518796999999999
625,1658933541,0.5012531
626,1658933542,1.2531328
627,1658933543,0.2506266
628,1658933544,1.5
629,1658933545,6.78392
630,1658933546,0.5025126
631,1658933547,1.5037593999999999
632,1658933548,0.49751239999999997
633,1658933549,0.2512563
634,1658933550,0.25
635,1658933551,0.2506266
636,1658933552,1.5
637,1658933553,0.5063291
638,1658933554,0.0
639,1658933555,0.24937659999999998
640,1658933556,0.25
641,1658933557,0.7481297
642,1658933558,0.7481297
643,1658933559,7.808564
644,1658933560,0.5025126
645,1658933561,0.7481297
646,1658933562,0.4987531
647,1658933563,1.0025063
648,1658933564,0.24937659999999998
649,1658933565,0.5
650,1658933566,0.5012531
651,1658933567,0.7537688
652,1658933568,0.2518892
653,1658933569,0.5012531
654,1658933570,0.9950249
655,1658933571,0.5
656,1658933572,1.4814815
657,1658933573,8.816121
658,1658933574,0.4962779
659,1658933575,0.5037783
660,1658933576,0.9950249
661,1658933577,1.758794
662,1658933578,0.4962779
663,1658933579,0.248139
664,1658933580,2.0
665,1658933581,1.0050251
666,1658933582,0.7462687
667,1658933583,0.49751239999999997
668,1658933584,0.7556674999999999
669,1658933585,0.5037783
670,1658933586,0.24937659999999998
671,1658933587,0.9925558
672,1658933588,0.4962779
673,1658933589,0.2525253
674,1658933590,0.5025126
675,1658933591,0.49751239999999997
676,1658933592,0.7444168999999999
677,1658933593,0.5012531
678,1658933594,0.2475248
679,1658933595,0.25
680,1658933596,0.4962779
681,1658933597,1.5037593999999999
682,1658933598,0.5025126
683,1658933599,0.75
684,1658933600,0.5012531
685,1658933601,0.24875619999999998
686,1658933602,0.7407406999999999
687,1658933603,0.5025126
688,1658933604,0.4987531
689,1658933605,0.24937659999999998
690,1658933606,1.2315271
691,1658933607,0.248139
692,1658933608,0.24937659999999998
693,1658933609,0.2506266
694,1658933610,0.24937659999999998
695,1658933611,0.7537688
696,1658933612,0.5012531
697,1658933613,0.5025126
698,1658933614,0.2475248
699,1658933615,0.5
700,1658933616,0.2475248
701,1658933617,23.80952
702,1658933618,25.0
703,1658933619,25.44081
704,1658933620,25.5
705,1658933621,24.93703
706,1658933622,25.62814
707,1658933623,25.31328
708,1658933624,25.44081
709,1658933625,25.12563
710,1658933626,25.12438
711,1658933627,25.75
712,1658933628,25.18892
713,1658933629,25.0
714,1658933630,25.31328
715,1658933631,25.44081
716,1658933632,25.68579
717,1658933633,22.11055
718,1658933634,0.4987531
719,1658933635,0.75
720,1658933636,0.25
721,1658933637,0.0
722,1658933638,0.7444168999999999
723,1658933639,0.7444168999999999
724,1658933640,3.731343
725,1658933641,1.2531328
726,1658933642,0.9876543
727,1658933643,0.248139
728,1658933644,0.5025126
729,1658933645,0.2506266
730,1658933646,0.4987531
731,1658933647,1.2562814
732,1658933648,0.75
733,1658933649,0.5
734,1658933650,0.2518892
735,1658933651,24.50495
736,1658933652,25.06203
737,1658933653,25.25253
738,1658933654,25.31646
739,1658933655,25.06266
740,1658933656,25.0
741,1658933657,25.44081
742,1658933658,24.87562
743,1658933659,25.31328
744,1658933660,25.12563
745,1658933661,24.87437
746,1658933662,25.1269
747,1658933663,25.0
748,1658933664,25.25253
749,1658933665,25.06266
750,1658933666,25.06266
751,1658933667,22.30576
752,1658933668,0.2518892
753,1658933669,0.5012531
754,1658933670,0.4987531
755,1658933671,0.5
756,1658933672,1.5037593999999999
757,1658933673,0.7444168999999999
758,1658933674,0.75
759,1658933675,0.24875619999999998
760,1658933676,0.248139
761,1658933677,0.7462687
762,1658933678,0.5012531
763,1658933679,0.75
764,1658933680,1.0025063
765,1658933681,1.0025063
766,1658933682,1.25
767,1658933683,0.2512563
768,1658933684,0.0
769,1658933685,0.4987531
770,1658933686,0.2506266
771,1658933687,0.2518892
772,1658933688,0.49751239999999997
773,1658933689,0.7537688
774,1658933690,0.9925558
775,1658933691,0.4987531
776,1658933692,0.9975062
777,1658933693,0.0
778,1658933694,0.49751239999999997
779,1658933695,0.5
780,1658933696,0.5012531
781,1658933697,0.5012531
782,1658933698,0.24875619999999998
783,1658933699,0.2512563
784,1658933700,3.491272
785,1658933701,0.7518796999999999
786,1658933702,0.7556674999999999
787,1658933703,0.5037783
788,1658933704,0.5
789,1658933705,0.5025126
790,1658933706,0.7481297
791,1658933707,0.9975062
792,1658933708,0.25
793,1658933709,0.0
794,1658933710,0.4987531
795,1658933711,0.9975062
796,1658933712,0.2506266
797,1658933713,0.7518796999999999
798,1658933714,0.5012531
799,1658933715,0.0
800,1658933716,0.2506266
801,1658933717,0.75
802,1658933718,0.24937659999999998
803,1658933719,0.7518796999999999
804,1658933720,0.7575757999999999
805,1658933721,0.75
806,1658933722,0.5025126
807,1658933723,0.24875619999999998
808,1658933724,0.24937659999999998
809,1658933725,0.5025126
810,1658933726,0.49751239999999997
811,1658933727,0.5037783
812,1658933728,0.7462687
813,1658933729,0.0
814,1658933730,0.49751239999999997
815,1658933731,0.5
816,1658933732,0.49382719999999997
817,1658933733,0.5
818,1658933734,0.7537688
819,1658933735,0.5025126
820,1658933736,1.0050251
821,1658933737,0.5012531
822,1658933738,0.5
823,1658933739,0.7537688
824,1658933740,0.25
825,1658933741,19.5
826,1658933742,25.75
827,1658933743,25.50505
828,1658933744,25.37688
829,1658933745,25.37688
830,1658933746,25.18892
831,1658933747,25.31328
832,1658933748,25.12438
833,1658933749,25.06266
834,1658933750,24.93703
835,1658933751,25.18892
836,1658933752,25.5
837,1658933753,25.25
838,1658933754,24.87437
839,1658933755,25.25253
840,1658933756,25.0
841,1658933757,25.06266
842,1658933758,2.0
843,1658933759,0.2518892
844,1658933760,3.759398
845,1658933761,0.5
846,1658933762,0.5
847,1658933763,1.0025063
848,1658933764,0.75
849,1658933765,0.7518796999999999
850,1658933766,0.248139
851,1658933767,0.49751239999999997
852,1658933768,0.0
853,1658933769,0.25
854,1658933770,0.25
855,1658933771,0.5037783
856,1658933772,1.2468828
857,1658933773,0.49751239999999997
858,1658933774,0.2506266
859,1658933775,8.35443
860,1658933776,0.5050505
861,1658933777,0.4962779
862,1658933778,0.7537688
863,1658933779,0.49751239999999997
864,1658933780,0.0
865,1658933781,0.5025126
866,1658933782,0.7481297
867,1658933783,0.4950495
868,1658933784,0.24937659999999998
869,1658933785,0.0
870,1658933786,0.24937659999999998
871,1658933787,1.0075567
872,1658933788,0.24875619999999998
873,1658933789,0.75
874,1658933790,0.4962779
875,1658933791,0.5012531
876,1658933792,0.4962779
877,1658933793,0.7537688
878,1658933794,0.0
879,1658933795,0.5012531
880,1658933796,0.25
881,1658933797,1.4962594
882,1658933798,0.5
883,1658933799,0.9950249
884,1658933800,0.25
885,1658933801,0.0
886,1658933802,0.4962779
887,1658933803,0.2512563
888,1658933804,0.7518796999999999
889,1658933805,0.24875619999999998
890,1658933806,0.7537688
891,1658933807,0.24875619999999998
892,1658933808,0.2475248
893,1658933809,0.2512563
894,1658933810,0.0
895,1658933811,0.7481297
896,1658933812,1.0
897,1658933813,0.2506266
898,1658933814,0.5025126
899,1658933815,0.25
900,1658933816,0.4987531
901,1658933817,0.7575757999999999
902,1658933818,0.24937659999999998
903,1658933819,1.0152284
904,1658933820,2.255639
905,1658933821,0.7518796999999999
906,1658933822,0.7407406999999999
907,1658933823,0.0
908,1658933824,0.0
909,1658933825,0.0
910,1658933826,0.24875619999999998
911,1658933827,0.5050505
912,1658933828,0.75
913,1658933829,0.0
914,1658933830,0.0
915,1658933831,0.0
916,1658933832,0.24937659999999998
917,1658933833,0.0
918,1658933834,0.24875619999999998
919,1658933835,0.2512563
920,1658933836,0.0
921,1658933837,0.7444168999999999
922,1658933838,0.0
923,1658933839,0.2506266
924,1658933840,0.4987531
925,1658933841,0.7537688
926,1658933842,1.741294
927,1658933843,0.7537688
928,1658933844,0.5
929,1658933845,0.0
930,1658933846,0.49140049999999996
931,1658933847,0.49751239999999997
932,1658933848,0.0
933,1658933849,0.0
934,1658933850,0.7594936999999999
935,1658933851,0.0
936,1658933852,1.5
937,1658933853,0.0
938,1658933854,0.0
939,1658933855,0.24937659999999998
940,1658933856,0.0
941,1658933857,0.9950249
942,1658933858,1.2406948
943,1658933859,0.0
944,1658933860,0.0
945,1658933861,0.2512563
946,1658933862,0.4950495
947,1658933863,0.0
948,1658933864,0.5025126
949,1658933865,0.5063291
950,1658933866,0.2512563
951,1658933867,0.5025126
952,1658933868,0.0
953,1658933869,0.0
954,1658933870,1.2531328
955,1658933871,0.75
956,1658933872,0.49751239999999997
957,1658933873,0.24937659999999998
958,1658933874,0.25
959,1658933875,0.0
960,1658933876,0.0
961,1658933877,1.2437811
962,1658933878,0.7481297
963,1658933879,0.25
964,1658933880,2.525253
965,1658933881,1.0050251
966,1658933882,1.0025063
967,1658933883,0.0
968,1658933884,0.2506266
969,1658933885,0.0
970,1658933886,0.0
971,1658933887,0.2512563
972,1658933888,1.0025063
973,1658933889,0.7444168999999999
974,1658933890,0.24937659999999998
975,1658933891,0.0
976,1658933892,1.0025063
977,1658933893,0.0
978,1658933894,0.7462687
979,1658933895,0.5012531
980,1658933896,0.7444168999999999
981,1658933897,0.9950249
982,1658933898,0.0
983,1658933899,0.24937659999999998
984,1658933900,0.0
985,1658933901,0.5012531
986,1658933902,1.0
987,1658933903,11.111111
988,1658933904,0.7575757999999999
989,1658933905,0.0
990,1658933906,0.0
991,1658933907,0.49751239999999997
992,1658933908,0.4987531
993,1658933909,0.4987531
994,1658933910,0.248139
995,1658933911,0.24875619999999998
996,1658933912,0.7425743
997,1658933913,0.25
998,1658933914,0.0
999,1658933915,0.49751239999999997
1000,1658933916,0.24691359999999998
1001,1658933917,0.5012531
1002,1658933918,0.49751239999999997
1003,1658933919,0.75
1004,1658933920,0.25
1005,1658933921,10.632911
1006,1658933922,1.0050251
1007,1658933923,0.0
1008,1658933924,0.0
1009,1658933925,0.5037783
1010,1658933926,1.0
1011,1658933927,1.0050251
1012,1658933928,0.7462687
1013,1658933929,0.4987531
1014,1658933930,0.4950495
1015,1658933931,0.0
1016,1658933932,0.7444168999999999
1017,1658933933,0.0
1018,1658933934,0.9925558
1019,1658933935,0.9950249
1020,1658933936,0.4987531
1021,1658933937,1.4925373
1022,1658933938,0.0
1023,1658933939,8.333333
1024,1658933940,6.075949
1025,1658933941,0.25
1026,1658933942,0.9876543
1027,1658933943,0.49751239999999997
1028,1658933944,0.5012531
1029,1658933945,0.0
1030,1658933946,0.0
1031,1658933947,0.4987531
1032,1658933948,0.5012531
1033,1658933949,0.0
1034,1658933950,0.0
1035,1658933951,0.7481297
1036,1658933952,0.7462687
1037,1658933953,0.0
1038,1658933954,0.0
1039,1658933955,0.24875619999999998
1040,1658933956,0.0
1041,1658933957,0.7481297
1042,1658933958,0.7425743
1043,1658933959,0.7518796999999999
1044,1658933960,0.0
1045,1658933961,0.49382719999999997
1046,1658933962,0.49751239999999997
1047,1658933963,0.0
1048,1658933964,0.0
1049,1658933965,0.7518796999999999
1050,1658933966,0.2512563
1051,1658933967,1.75
1052,1658933968,0.24937659999999998
1053,1658933969,0.0
1054,1658933970,0.0
1055,1658933971,0.24937659999999998
1056,1658933972,0.49751239999999997
1057,1658933973,0.75
1058,1658933974,0.248139
1059,1658933975,0.0
1060,1658933976,0.7425743
1061,1658933977,0.9975062
1062,1658933978,1.0152284
1063,1658933979,0.5012531
1064,1658933980,0.9975062
1065,1658933981,0.4987531
1066,1658933982,0.7425743
1067,1658933983,0.0
1068,1658933984,0.0
1069,1658933985,0.0
1070,1658933986,0.7425743
1071,1658933987,1.4962594
1072,1658933988,0.9975062
1073,1658933989,0.24875619999999998
1074,1658933990,0.24875619999999998
1075,1658933991,0.0
1076,1658933992,0.5
1077,1658933993,1.0025063
1078,1658933994,0.9950249
1079,1658933995,0.7444168999999999
1080,1658933996,0.25
1081,1658933997,0.5
1082,1658933998,0.25
1083,1658933999,0.248139
1084,1658934000,3.740648
1085,1658934001,1.2531328
1086,1658934002,4.271357
1087,1658934003,0.0
1088,1658934004,0.248139
1089,1658934005,0.0
1090,1658934006,1.0
1091,1658934007,1.2594458
1092,1658934008,0.0
1093,1658934009,0.0
1094,1658934010,0.5
1095,1658934011,0.0
1096,1658934012,1.4925373
1097,1658934013,12.02046
1098,1658934014,0.0
1099,1658934015,0.24875619999999998
1100,1658934016,0.0
1101,1658934017,1.2562814
1102,1658934018,0.24937659999999998
1103,1658934019,0.0
1104,1658934020,0.0
1105,1658934021,0.0
1106,1658934022,1.2531328
1107,1658934023,0.7518796999999999
1108,1658934024,0.2506266
1109,1658934025,0.5012531
1110,1658934026,0.24937659999999998
1111,1658934027,0.7462687
1112,1658934028,0.0
1113,1658934029,0.24875619999999998
1114,1658934030,1.0
1115,1658934031,12.436548
1116,1658934032,0.7575757999999999
1117,1658934033,0.0
1118,1658934034,0.25
1119,1658934035,0.5012531
1120,1658934036,0.7556674999999999
1121,1658934037,0.4962779
1122,1658934038,0.24875619999999998
1123,1658934039,0.24875619999999998
1124,1658934040,0.0
1125,1658934041,0.248139
1126,1658934042,0.24937659999999998
1127,1658934043,0.0
1128,1658934044,0.0
1129,1658934045,0.24875619999999998
1130,1658934046,0.7575757999999999
1131,1658934047,1.0025063
1132,1658934048,0.0
1133,1658934049,9.462916
1134,1658934050,5.370844
1135,1658934051,0.0
1136,1658934052,0.7444168999999999
1137,1658934053,0.0
1138,1658934054,0.25
1139,1658934055,0.4962779
1140,1658934056,0.4962779
1141,1658934057,1.0
1142,1658934058,0.49751239999999997
1143,1658934059,1.0025063
1144,1658934060,3.465347
1145,1658934061,1.25
1146,1658934062,1.2406948
1147,1658934063,0.0
1148,1658934064,0.0
1149,1658934065,0.5
1150,1658934066,1.0025063
1151,1658934067,0.25
1152,1658934068,0.25
1153,1658934069,0.5012531
1154,1658934070,0.0
1155,1658934071,0.24875619999999998
1156,1658934072,0.25
1157,1658934073,0.0
1158,1658934074,0.7462687
1159,1658934075,0.0
1160,1658934076,0.24875619999999998
1161,1658934077,1.2468828
1162,1658934078,0.4987531
1163,1658934079,0.7537688
1164,1658934080,0.49751239999999997
1165,1658934081,0.24875619999999998
1166,1658934082,0.49751239999999997
1167,1658934083,8.478803
1168,1658934084,25.37688
1169,1658934085,25.12563
1170,1658934086,25.25
1171,1658934087,25.06266
1172,1658934088,25.12563
1173,1658934089,25.5
1174,1658934090,24.87437
1175,1658934091,25.12563
1176,1658934092,25.55831
1177,1658934093,25.37688
1178,1658934094,25.62814
1179,1658934095,25.0
1180,1658934096,25.31328
1181,1658934097,25.31328
1182,1658934098,25.25
1183,1658934099,25.25
1184,1658934100,14.143921
1185,1658934101,0.5025126
1186,1658934102,0.2475248
1187,1658934103,0.24937659999999998
1188,1658934104,0.24875619999999998
1189,1658934105,0.0
1190,1658934106,0.7425743
1191,1658934107,0.9925558
1192,1658934108,0.0
1193,1658934109,0.0
1194,1658934110,0.0
1195,1658934111,0.7518796999999999
1196,1658934112,1.2468828
1197,1658934113,0.5037783
1198,1658934114,0.0
1199,1658934115,0.0
1200,1658934116,0.24937659999999998
1201,1658934117,0.9975062
1202,1658934118,0.0
1203,1658934119,0.7518796999999999
1204,1658934120,3.0
1205,1658934121,1.0025063
1206,1658934122,0.9876543
1207,1658934123,0.0
1208,1658934124,0.0
1209,1658934125,0.0
1210,1658934126,0.2512563
1211,1658934127,0.75
1212,1658934128,0.24875619999999998
1213,1658934129,0.5
1214,1658934130,7.556675
1215,1658934131,0.0
1216,1658934132,0.7537688
1217,1658934133,0.5025126
1218,1658934134,0.9975062
1219,1658934135,0.5025126
1220,1658934136,0.9876543
1221,1658934137,0.7462687
1222,1658934138,0.4950495
1223,1658934139,0.25
1224,1658934140,0.0
1225,1658934141,0.0
1226,1658934142,1.4888337
1227,1658934143,8.478803
1228,1658934144,0.7575757999999999
1229,1658934145,0.2506266
1230,1658934146,0.2506266
1231,1658934147,0.7425743
1232,1658934148,0.49751239999999997
1233,1658934149,0.24937659999999998
1234,1658934150,0.0
1235,1658934151,0.0
1236,1658934152,0.5012531
1237,1658934153,0.75
1238,1658934154,0.2512563
1239,1658934155,0.24937659999999998
1240,1658934156,6.015038
1241,1658934157,0.7444168999999999
1242,1658934158,0.0
1243,1658934159,0.2506266
1244,1658934160,0.4962779
1245,1658934161,0.7537688
1246,1658934162,0.4962779
1247,1658934163,0.5
1248,1658934164,0.0
1249,1658934165,0.0
1250,1658934166,0.0
1251,1658934167,0.4987531
1252,1658934168,0.5012531
1253,1658934169,0.5025126
1254,1658934170,0.9950249
1255,1658934171,0.7594936999999999
1256,1658934172,0.7537688
1257,1658934173,0.0
1258,1658934174,0.0
1259,1658934175,0.2512563
1260,1658934176,0.0
1261,1658934177,0.0
1262,1658934178,0.0
1263,1658934179,0.2512563
1264,1658934180,1.0
1265,1658934181,3.015075
1266,1658934182,1.0126582
1267,1658934183,0.2512563
1268,1658934184,0.25
1269,1658934185,0.0
1270,1658934186,0.7481297
1271,1658934187,0.5012531
1272,1658934188,0.7444168999999999
1273,1658934189,0.25
1274,1658934190,0.2506266
1275,1658934191,0.25
1276,1658934192,0.24937659999999998
1277,1658934193,0.7537688
1278,1658934194,0.5037783
1279,1658934195,0.2506266
1280,1658934196,0.5012531
1281,1658934197,1.2562814
1282,1658934198,0.990099
1283,1658934199,0.0
1284,1658934200,0.5012531
1285,1658934201,0.25
1286,1658934202,1.0
1287,1658934203,0.0
1288,1658934204,0.7518796999999999
1289,1658934205,0.2506266
1290,1658934206,0.49751239999999997
1291,1658934207,1.25
1292,1658934208,0.0
1293,1658934209,0.7462687
1294,1658934210,0.0
1295,1658934211,0.7518796999999999
1296,1658934212,0.7462687
1297,1658934213,0.7481297
1298,1658934214,0.7575757999999999
1299,1658934215,0.25
1300,1658934216,0.0
1301,1658934217,0.7518796999999999
1302,1658934218,0.0
1303,1658934219,0.7575757999999999
1304,1658934220,0.25
1305,1658934221,0.0
1306,1658934222,0.2506266
1307,1658934223,0.0
1308,1658934224,0.0
1309,1658934225,0.7537688
1310,1658934226,0.4987531
1311,1658934227,12.207792
1312,1658934228,1.2594458
1313,1658934229,0.0
1314,1658934230,0.0
1315,1658934231,0.5012531
1316,1658934232,1.5
1317,1658934233,0.0
1318,1658934234,0.0
1319,1658934235,0.0
1320,1658934236,0.5
1321,1658934237,1.2468828
1322,1658934238,0.0
1323,1658934239,0.0
1324,1658934240,3.5264480000000002
1325,1658934241,1.2626263
1326,1658934242,0.5050505
1327,1658934243,0.0
1328,1658934244,0.0
1329,1658934245,16.372796
1330,1658934246,25.12563
1331,1658934247,25.94458
1332,1658934248,25.82278
1333,1658934249,25.56391
1334,1658934250,25.18892
1335,1658934251,25.56391
1336,1658934252,25.8794
1337,1658934253,25.06266
1338,1658934254,25.06266
1339,1658934255,25.12563
1340,1658934256,25.06266
1341,1658934257,25.5
1342,1658934258,25.56391
1343,1658934259,25.44081
1344,1658934260,25.0
1345,1658934261,24.62687
1346,1658934262,5.012531
1347,1658934263,0.5037783
1348,1658934264,0.5012531
1349,1658934265,0.5012531
1350,1658934266,0.5025126
1351,1658934267,0.9975062
1352,1658934268,0.25
1353,1658934269,0.4987531
1354,1658934270,0.2475248
1355,1658934271,0.0
1356,1658934272,0.49751239999999997
1357,1658934273,0.7425743
1358,1658934274,0.7518796999999999
1359,1658934275,0.0
1360,1658934276,0.0
1361,1658934277,1.2437811
1362,1658934278,0.0
1363,1658934279,0.0
1364,1658934280,0.7481297
1365,1658934281,0.5037783
1366,1658934282,0.7444168999999999
1367,1658934283,0.0
1368,1658934284,0.24875619999999998
1369,1658934285,0.0
1370,1658934286,0.9975062
1371,1658934287,1.0025063
1372,1658934288,0.7633588
1373,1658934289,0.7462687
1374,1658934290,0.0
1375,1658934291,0.9950249
1376,1658934292,1.0075567
1377,1658934293,0.5050505
1378,1658934294,0.75
1379,1658934295,0.2506266
1380,1658934296,0.2512563
1381,1658934297,0.7518796999999999
1382,1658934298,0.0
1383,1658934299,0.4962779
1384,1658934300,2.233251
1385,1658934301,0.7518796999999999
1386,1658934302,0.9828009999999999
1387,1658934303,0.0
1388,1658934304,0.0
1389,1658934305,0.24937659999999998
1390,1658934306,0.248139
1391,1658934307,0.2512563
1392,1658934308,0.248139
1393,1658934309,0.24937659999999998
1394,1658934310,0.75
1395,1658934311,0.0
1396,1658934312,0.49751239999999997
1397,1658934313,0.0
1398,1658934314,0.0
1399,1658934315,0.5037783
1400,1658934316,0.5
1401,1658934317,0.9950249
1402,1658934318,0.7556674999999999
1403,1658934319,0.0
1404,1658934320,0.0
1405,1658934321,0.0
1406,1658934322,1.728395
1407,1658934323,0.5012531
1408,1658934324,0.0
1409,1658934325,0.0
1410,1658934326,0.24875619999999998
1411,1658934327,0.9975062
1412,1658934328,0.0
1413,1658934329,0.5025126
1414,1658934330,0.7425743
1415,1658934331,1.0025063
1416,1658934332,1.0025063
1417,1658934333,1.0050251
1418,1658934334,0.248139
1419,1658934335,0.2512563
1420,1658934336,0.0
1421,1658934337,0.9950249
1422,1658934338,0.2506266
1423,1658934339,1.2531328
1424,1658934340,0.24875619999999998
1425,1658934341,1.25
1426,1658934342,0.0
1427,1658934343,0.24875619999999998
1428,1658934344,0.0
1429,1658934345,0.7518796999999999
1430,1658934346,0.0
1431,1658934347,0.7518796999999999
1432,1658934348,23.8806
1433,1658934349,25.06329
1434,1658934350,24.81203
1435,1658934351,25.18892
1436,1658934352,24.81203
1437,1658934353,24.81203
1438,1658934354,25.12563
1439,1658934355,25.0
1440,1658934356,25.12563
1441,1658934357,25.6927
1442,1658934358,25.25253
1443,1658934359,24.37811
1444,1658934360,24.93766
1445,1658934361,26.56642
1446,1658934362,25.37688
1447,1658934363,25.62814
1448,1658934364,23.0
1449,1658934365,0.0
1450,1658934366,0.0
1451,1658934367,1.0050251
1452,1658934368,0.5025126
1453,1658934369,0.2512563
1454,1658934370,0.2512563
1455,1658934371,0.0
1456,1658934372,0.0
1457,1658934373,0.2506266
1458,1658934374,0.0
1459,1658934375,1.010101
1460,1658934376,0.9950249
1461,1658934377,1.0025063
1462,1658934378,0.2475248
1463,1658934379,0.0
1464,1658934380,0.0
1465,1658934381,4.260652
1466,1658934382,12.303665
1467,1658934383,2.015113
1468,1658934384,0.49751239999999997
1469,1658934385,0.0
1470,1658934386,0.0
1471,1658934387,0.4987531
1472,1658934388,0.0
1473,1658934389,0.2512563
1474,1658934390,0.7462687
1475,1658934391,0.0
1476,1658934392,0.5025126
1477,1658934393,0.25
1478,1658934394,0.0
1479,1658934395,0.0
1480,1658934396,0.0
1481,1658934397,1.5
1482,1658934398,0.25
1483,1658934399,0.0
1484,1658934400,0.24937659999999998
1485,1658934401,0.24875619999999998
1486,1658934402,1.745636
1487,1658934403,6.234414
1488,1658934404,2.233251
1489,1658934405,0.0
1490,1658934406,0.248139
1491,1658934407,0.5
1492,1658934408,0.5025126
1493,1658934409,0.0
1494,1658934410,0.0
1495,1658934411,0.2512563
1496,1658934412,1.2437811
1497,1658934413,0.0
1498,1658934414,0.2512563
1499,1658934415,0.4987531
1500,1658934416,0.49751239999999997
1501,1658934417,7.017544
1502,1658934418,4.785894
1503,1658934419,0.24937659999999998
1504,1658934420,1.980198
1505,1658934421,0.7537688
1506,1658934422,1.2531328
1507,1658934423,0.0
1508,1658934424,0.7425743
1509,1658934425,0.4962779
1510,1658934426,0.49751239999999997
1511,1658934427,0.0
1512,1658934428,0.0
1513,1658934429,0.2525253
1514,1658934430,0.5
1515,1658934431,0.24937659999999998
1516,1658934432,0.7481297
1517,1658934433,0.0
1518,1658934434,0.0
1519,1658934435,14.214464
1520,1658934436,25.6927
1521,1658934437,25.81454
1522,1658934438,25.50505
1523,1658934439,25.31328
1524,1658934440,25.37688
1525,1658934441,25.18892
1526,1658934442,26.06516
1527,1658934443,25.44081
1528,1658934444,24.93766
1529,1658934445,25.25
1530,1658934446,25.50505
1531,1658934447,25.80645
1532,1658934448,25.31328
1533,1658934449,25.12563
1534,1658934450,25.0
1535,1658934451,25.43641
1536,1658934452,6.030151
1537,1658934453,0.5025126
1538,1658934454,0.7444168999999999
1539,1658934455,0.7371006999999999
1540,1658934456,0.2475248
1541,1658934457,1.25
1542,1658934458,0.7481297
1543,1658934459,0.25
1544,1658934460,0.5
1545,1658934461,0.2506266
1546,1658934462,0.7444168999999999
1547,1658934463,0.25
1548,1658934464,0.248139
1549,1658934465,0.0
1550,1658934466,0.4962779
1551,1658934467,0.7556674999999999
1552,1658934468,0.75
1553,1658934469,10.687023
1554,1658934470,0.24875619999999998
1555,1658934471,0.0
1556,1658934472,1.5
1557,1658934473,0.2512563
1558,1658934474,0.5
1559,1658934475,0.49751239999999997
1560,1658934476,0.24937659999999998
1561,1658934477,1.0050251
1562,1658934478,0.7556674999999999
1563,1658934479,0.5025126
1564,1658934480,2.756892
1565,1658934481,1.2406948
1566,1658934482,1.0
1567,1658934483,0.2512563
1568,1658934484,0.5
1569,1658934485,8.571429
1570,1658934486,1.5113349999999999
1571,1658934487,0.2512563
1572,1658934488,0.24937659999999998
1573,1658934489,0.2518892
1574,1658934490,0.24875619999999998
1575,1658934491,0.4987531
1576,1658934492,1.745636
1577,1658934493,0.7575757999999999
1578,1658934494,0.2506266
1579,1658934495,0.2512563
1580,1658934496,0.25
1581,1658934497,0.2506266
1582,1658934498,0.5
1583,1658934499,0.5037783
1584,1658934500,0.7407406999999999
1585,1658934501,0.2506266
1586,1658934502,0.24937659999999998
1587,1658934503,1.0075567
1588,1658934504,13.316583
1589,1658934505,3.02267
1590,1658934506,0.7537688
1591,1658934507,0.7518796999999999
1592,1658934508,0.49751239999999997
1593,1658934509,0.5
1594,1658934510,0.0
1595,1658934511,0.5
1596,1658934512,1.741294
1597,1658934513,0.2518892
1598,1658934514,0.5025126
1599,1658934515,0.5050505
1600,1658934516,0.5
1601,1658934517,1.0075567
1602,1658934518,0.0
1603,1658934519,0.2512563
1604,1658934520,0.9975062
1605,1658934521,0.5050505
1606,1658934522,1.4962594
1607,1658934523,0.7444168999999999
1608,1658934524,0.75
1609,1658934525,4.260652
1610,1658934526,8.717949
1611,1658934527,1.2626263
1612,1658934528,0.0
1613,1658934529,0.5025126
1614,1658934530,0.7594936999999999
1615,1658934531,0.25
1616,1658934532,0.7481297
1617,1658934533,0.2512563
1618,1658934534,0.25
1619,1658934535,0.25
1620,1658934536,0.7481297
1621,1658934537,0.9975062
1622,1658934538,0.5025126
1623,1658934539,0.24937659999999998
1624,1658934540,2.255639
1625,1658934541,0.7556674999999999
1626,1658934542,0.24937659999999998
1627,1658934543,0.4987531
1628,1658934544,0.2506266
1629,1658934545,0.4962779
1630,1658934546,0.24937659999999998
1631,1658934547,0.7518796999999999
1632,1658934548,0.5
1633,1658934549,0.2506266
1634,1658934550,0.5
1635,1658934551,0.7481297
1636,1658934552,1.2562814
1637,1658934553,0.9950249
1638,1658934554,0.2506266
1639,1658934555,0.2506266
1640,1658934556,0.990099
1641,1658934557,13.11054
1642,1658934558,3.274559
1643,1658934559,0.248139
1644,1658934560,0.7462687
1645,1658934561,0.5
1646,1658934562,1.4962594
1647,1658934563,0.5025126
1648,1658934564,0.7556674999999999
1649,1658934565,0.2512563
1650,1658934566,0.2518892
1651,1658934567,0.7462687
1652,1658934568,0.248139
1653,1658934569,0.25
1654,1658934570,0.24875619999999998
1655,1658934571,0.25316459999999996
1656,1658934572,0.7425743
1657,1658934573,0.0
1658,1658934574,0.248139
1659,1658934575,0.7481297
1660,1658934576,0.4962779
1661,1658934577,0.7556674999999999
1662,1658934578,0.75
1663,1658934579,7.5
1664,1658934580,0.7462687
1665,1658934581,3.7783379999999998
1666,1658934582,0.7537688
1667,1658934583,0.9975062
1668,1658934584,0.7518796999999999
1669,1658934585,0.4987531
1670,1658934586,0.24937659999999998
1671,1658934587,0.7444168999999999
1672,1658934588,0.24937659999999998
1673,1658934589,0.2512563
1674,1658934590,0.4962779
1675,1658934591,0.248139
1676,1658934592,2.255639
1677,1658934593,25.0
1678,1658934594,24.87437
1679,1658934595,25.06266
1680,1658934596,25.38071
1681,1658934597,25.12438
1682,1658934598,24.93766
1683,1658934599,25.25
1684,1658934600,26.81704
1685,1658934601,25.6927
1686,1658934602,25.68579
1687,1658934603,25.31328
1688,1658934604,25.37313
1689,1658934605,25.06266
1690,1658934606,25.31328
1691,1658934607,25.06266
1692,1658934608,25.06266
1693,1658934609,23.36683
1694,1658934610,0.0
1695,1658934611,0.49751239999999997
1696,1658934612,0.75
1697,1658934613,0.0
1698,1658934614,0.4962779
1699,1658934615,0.75
1700,1658934616,0.24630539999999998
1701,1658934617,0.0
1702,1658934618,0.0
1703,1658934619,0.24937659999999998
1704,1658934620,0.75
1705,1658934621,0.7518796999999999
1706,1658934622,0.0
1707,1658934623,0.2518892
1708,1658934624,0.0
1709,1658934625,0.25
1710,1658934626,0.248139
1711,1658934627,0.9925558
1712,1658934628,0.5012531
1713,1658934629,0.24937659999999998
1714,1658934630,1.0
1715,1658934631,0.2518892
1716,1658934632,0.2512563
1717,1658934633,0.0
1718,1658934634,0.0
1719,1658934635,0.24875619999999998
1720,1658934636,0.2475248
1721,1658934637,1.0075567
1722,1658934638,0.5
1723,1658934639,2.7431419999999997
1724,1658934640,12.02046
1725,1658934641,2.518892
1726,1658934642,0.2506266
1727,1658934643,1.0
1728,1658934644,0.75
1729,1658934645,0.5012531
1730,1658934646,0.5
1731,1658934647,0.24937659999999998
1732,1658934648,0.248139
1733,1658934649,0.25
1734,1658934650,0.49751239999999997
1735,1658934651,0.4987531
1736,1658934652,0.7481297
1737,1658934653,0.2518892
1738,1658934654,0.25
1739,1658934655,0.2506266
1740,1658934656,0.4962779
1741,1658934657,0.7518796999999999
1742,1658934658,0.5012531
1743,1658934659,1.25
1744,1658934660,0.0
1745,1658934661,13.930348
1746,1658934662,25.12563
1747,1658934663,25.44081
1748,1658934664,25.18892
1749,1658934665,25.56391
1750,1658934666,25.37688
1751,1658934667,24.93766
1752,1658934668,25.44081
1753,1658934669,25.31328
1754,1658934670,24.93703
1755,1658934671,25.37688
1756,1658934672,25.8794
1757,1658934673,25.31328
1758,1658934674,25.50505
1759,1658934675,25.37688
1760,1658934676,25.37688
1761,1658934677,25.56391
1762,1658934678,8.542714
1763,1658934679,0.0
1764,1658934680,0.4950495
1765,1658934681,0.25
1766,1658934682,1.2594458
1767,1658934683,0.0
1768,1658934684,0.2512563
1769,1658934685,0.25
1770,1658934686,0.5012531
1771,1658934687,0.4987531
1772,1658934688,0.2506266
1773,1658934689,0.7462687
1774,1658934690,0.49751239999999997
1775,1658934691,0.7444168999999999
1776,1658934692,0.4962779
1777,1658934693,0.75
1778,1658934694,4.282116
1779,1658934695,4.7738689999999995
1780,1658934696,0.0
1781,1658934697,0.4962779
1782,1658934698,0.24875619999999998
1783,1658934699,0.9950249
1784,1658934700,0.2506266
1785,1658934701,0.5
1786,1658934702,0.9975062
1787,1658934703,0.25
1788,1658934704,0.24937659999999998
1789,1658934705,0.248139
1790,1658934706,0.5
1791,1658934707,0.5025126
1792,1658934708,0.5012531
1793,1658934709,0.75
1794,1658934710,0.24691359999999998
1795,1658934711,0.5
1796,1658934712,1.25
1797,1658934713,0.4987531
1798,1658934714,0.49751239999999997
1799,1658934715,0.25
1800,1658934716,0.4987531
1801,1658934717,0.9975062
1802,1658934718,0.5
1803,1658934719,0.9975062
1804,1658934720,4.511278
1805,1658934721,6.5
1806,1658934722,0.5012531
1807,1658934723,0.25316459999999996
1808,1658934724,0.7518796999999999
1809,1658934725,0.2518892
1810,1658934726,0.5012531
1811,1658934727,0.4987531
1812,1658934728,0.49382719999999997
1813,1658934729,0.2506266
1814,1658934730,0.24937659999999998
1815,1658934731,0.2518892
1816,1658934732,0.7481297
1817,1658934733,0.9852217
1818,1658934734,7.462687
1819,1658934735,2.015113
1820,1658934736,0.4950495
1821,1658934737,1.2531328
1822,1658934738,0.7481297
1823,1658934739,0.75
1824,1658934740,0.25
1825,1658934741,0.25
1826,1658934742,0.75
1827,1658934743,0.49751239999999997
1828,1658934744,0.24937659999999998
1829,1658934745,0.49751239999999997
1830,1658934746,0.5
1831,1658934747,0.24937659999999998
1832,1658934748,7.828283
1833,1658934749,6.701031
1834,1658934750,0.248139
1835,1658934751,0.5025126
1836,1658934752,1.0
1837,1658934753,0.2518892
1838,1658934754,0.0
1839,1658934755,0.4987531
1840,1658934756,0.2512563
1841,1658934757,0.24875619999999998
1842,1658934758,0.248139
1843,1658934759,0.75
1844,1658934760,0.5
1845,1658934761,0.5025126
1846,1658934762,1.2437811
1847,1658934763,0.2506266
1848,1658934764,0.4987531
1849,1658934765,0.25
1850,1658934766,0.25
1851,1658934767,0.7462687
1852,1658934768,0.2518892
1853,1658934769,0.4987531
1854,1658934770,0.24875619999999998
1855,1658934771,0.25
1856,1658934772,1.2531328
1857,1658934773,0.7594936999999999
1858,1658934774,0.4987531
1859,1658934775,0.5012531
1860,1658934776,0.7481297
1861,1658934777,0.2475248
1862,1658934778,0.5012531
1863,1658934779,0.0
1864,1658934780,2.977667
1865,1658934781,1.0
1866,1658934782,8.816121
1867,1658934783,0.25316459999999996
1868,1658934784,0.2506266
1869,1658934785,0.25
1870,1658934786,0.24937659999999998
1871,1658934787,0.4987531
1872,1658934788,0.7518796999999999
1873,1658934789,0.2518892
1874,1658934790,0.24937659999999998
1875,1658934791,0.24875619999999998
1876,1658934792,0.7481297
1877,1658934793,0.2506266
1878,1658934794,0.49751239999999997
1879,1658934795,1.0
1880,1658934796,11.538461999999999
1881,1658934797,0.5025126
1882,1658934798,0.5025126
1883,1658934799,0.2506266
1884,1658934800,1.0
1885,1658934801,0.5037783
1886,1658934802,0.7481297
1887,1658934803,0.5012531
1888,1658934804,0.248139
1889,1658934805,0.4987531
1890,1658934806,0.24937659999999998
1891,1658934807,1.0075567
1892,1658934808,0.4987531
1893,1658934809,0.25
1894,1658934810,0.2506266
1895,1658934811,0.7481297
1896,1658934812,0.24875619999999998
1897,1658934813,0.4987531
1898,1658934814,0.9975062
1899,1658934815,0.2506266
1900,1658934816,0.2506266
1901,1658934817,0.7518796999999999
1902,1658934818,0.49751239999999997
1903,1658934819,0.5012531
1904,1658934820,0.24937659999999998
1905,1658934821,0.9975062
1906,1658934822,1.0050251
1907,1658934823,0.24937659999999998
1908,1658934824,0.49751239999999997
1909,1658934825,0.5037783
1910,1658934826,0.7462687
1911,1658934827,23.5732
1912,1658934828,25.06329
1913,1658934829,25.18703
1914,1658934830,23.86935
1915,1658934831,25.12563
1916,1658934832,25.8794
1917,1658934833,24.75
1918,1658934834,25.18703
1919,1658934835,24.87437
1920,1658934836,24.87562
1921,1658934837,24.4389
1922,1658934838,24.37186
1923,1658934839,25.31328
1924,1658934840,26.75
1925,1658934841,24.93766
1926,1658934842,25.43641
1927,1658934843,25.18892
1928,1658934844,1.0075567
1929,1658934845,0.2506266
1930,1658934846,0.2512563
1931,1658934847,0.4987531
1932,1658934848,0.2506266
1933,1658934849,0.24937659999999998
1934,1658934850,0.9950249
1935,1658934851,0.24875619999999998
1936,1658934852,0.24937659999999998
1937,1658934853,0.5025126
1938,1658934854,0.4950495
1939,1658934855,0.25
1940,1658934856,0.49751239999999997
1941,1658934857,0.0
1942,1658934858,0.2512563
1943,1658934859,0.5
1944,1658934860,0.5050505
1945,1658934861,0.2512563
1946,1658934862,0.9950249
1947,1658934863,0.7518796999999999
1948,1658934864,0.4962779
1949,1658934865,0.2506266
1950,1658934866,0.25
1951,1658934867,0.9950249
1952,1658934868,0.25
1953,1658934869,0.9950249
1954,1658934870,1.2468828
1955,1658934871,0.7556674999999999
1956,1658934872,1.758794
1957,1658934873,0.24875619999999998
1958,1658934874,18.75
1959,1658934875,25.31328
1960,1658934876,24.87437
1961,1658934877,25.37688
1962,1658934878,25.37688
1963,1658934879,25.06266
1964,1658934880,25.06266
1965,1658934881,25.31328
1966,1658934882,25.43641
1967,1658934883,24.06015
1968,1658934884,24.75
1969,1658934885,25.0
1970,1658934886,25.37688
1971,1658934887,25.62814
1972,1658934888,25.0
1973,1658934889,25.0
1974,1658934890,25.0
1975,1658934891,5.5
1976,1658934892,1.2437811
1977,1658934893,0.75
1978,1658934894,0.5
1979,1658934895,0.2506266
1980,1658934896,0.2506266
1981,1658934897,0.4987531
1982,1658934898,0.5025126
1983,1658934899,0.5
1984,1658934900,2.261307
1985,1658934901,0.7575757999999999
1986,1658934902,0.0
1987,1658934903,0.5012531
1988,1658934904,0.49382719999999997
1989,1658934905,0.2518892
1990,1658934906,0.24875619999999998
1991,1658934907,0.5
1992,1658934908,11.055276
1993,1658934909,0.0
1994,1658934910,0.5
1995,1658934911,0.2518892
1996,1658934912,1.4888337
1997,1658934913,0.0
1998,1658934914,0.49751239999999997
1999,1658934915,0.49751239999999997
2000,1658934916,0.2475248
2001,1658934917,0.248139
2002,1658934918,0.24937659999999998
2003,1658934919,1.0
2004,1658934920,0.2518892
2005,1658934921,0.5025126
2006,1658934922,0.7518796999999999
2007,1658934923,0.0
2008,1658934924,8.478803
2009,1658934925,0.5050505
2010,1658934926,0.7537688
2011,1658934927,0.5025126
2012,1658934928,0.2506266
2013,1658934929,0.24937659999999998
2014,1658934930,0.24875619999999998
2015,1658934931,0.2506266
2016,1658934932,0.9975062
2017,1658934933,0.2512563
2018,1658934934,0.2512563
2019,1658934935,0.0
2020,1658934936,0.75
2021,1658934937,0.49261079999999996
2022,1658934938,0.0
2023,1658934939,0.7518796999999999
2024,1658934940,0.25
2025,1658934941,0.7518796999999999
2026,1658934942,1.2594458
2027,1658934943,0.24875619999999998
2028,1658934944,0.24937659999999998
2029,1658934945,0.5
2030,1658934946,0.24937659999999998
2031,1658934947,0.25
2032,1658934948,0.7575757999999999
2033,1658934949,0.7518796999999999
2034,1658934950,0.5
2035,1658934951,0.2512563
2036,1658934952,1.0
2037,1658934953,0.2512563
2038,1658934954,0.49751239999999997
2039,1658934955,0.5050505
2040,1658934956,0.7481297
2041,1658934957,1.0025063
2042,1658934958,0.5
2043,1658934959,0.2506266
2044,1658934960,4.030227
2045,1658934961,0.7481297
2046,1658934962,0.5012531
2047,1658934963,0.5025126
2048,1658934964,0.4962779
2049,1658934965,0.2506266
2050,1658934966,1.2406948
2051,1658934967,0.49751239999999997
2052,1658934968,0.24937659999999998
2053,1658934969,0.5
2054,1658934970,0.4987531
2055,1658934971,0.2506266
2056,1658934972,0.24691359999999998
2057,1658934973,0.0
2058,1658934974,0.0
2059,1658934975,0.0
2060,1658934976,0.7556674999999999
2061,1658934977,0.5050505
2062,1658934978,0.0
2063,1658934979,0.25
2064,1658934980,0.2506266
2065,1658934981,0.4962779
2066,1658934982,0.7481297
2067,1658934983,0.24875619999999998
2068,1658934984,0.0
2069,1658934985,0.2475248
2070,1658934986,0.5012531
2071,1658934987,0.7481297
2072,1658934988,1.0
2073,1658934989,0.24937659999999998
2074,1658934990,0.25
2075,1658934991,0.2506266
2076,1658934992,0.4987531
2077,1658934993,0.25
2078,1658934994,0.25
2079,1658934995,0.24937659999999998
2080,1658934996,0.4987531
2081,1658934997,0.24875619999999998
2082,1658934998,0.25
2083,1658934999,0.5050505
2084,1658935000,0.5012531
2085,1658935001,0.5
2086,1658935002,0.25
2087,1658935003,0.5
2088,1658935004,0.24937659999999998
2089,1658935005,0.75
2090,1658935006,0.5
2091,1658935007,13.670886
2092,1658935008,0.2538071
2093,1658935009,0.5012531
2094,1658935010,0.2506266
2095,1658935011,0.9925558
2096,1658935012,0.5
2097,1658935013,0.5
2098,1658935014,0.4987531
2099,1658935015,0.2518892
2100,1658935016,0.4962779
2101,1658935017,0.9975062
2102,1658935018,0.7462687
2103,1658935019,0.7556674999999999
2104,1658935020,3.258145
2105,1658935021,1.2531328
2106,1658935022,0.5012531
2107,1658935023,0.0
2108,1658935024,0.4987531
2109,1658935025,0.2512563
2110,1658935026,1.0
2111,1658935027,1.2562814
2112,1658935028,0.0
2113,1658935029,0.0
2114,1658935030,0.0
2115,1658935031,0.25
2116,1658935032,1.2468828
2117,1658935033,0.2518892
2118,1658935034,0.24875619999999998
2119,1658935035,0.24937659999999998
2120,1658935036,0.24630539999999998
2121,1658935037,1.4925373
2122,1658935038,1.0
2123,1658935039,1.0050251
2124,1658935040,0.24937659999999998
2125,1658935041,0.5025126
2126,1658935042,0.7462687
2127,1658935043,0.7481297
2128,1658935044,0.0
2129,1658935045,0.24937659999999998
2130,1658935046,0.0
2131,1658935047,1.25
2132,1658935048,0.49751239999999997
2133,1658935049,0.7462687
2134,1658935050,0.5
2135,1658935051,0.7537688
2136,1658935052,1.2562814
2137,1658935053,0.5025126
2138,1658935054,0.7425743
2139,1658935055,0.75
2140,1658935056,0.0
2141,1658935057,1.5037593999999999
2142,1658935058,0.24875619999999998
2143,1658935059,0.49751239999999997
2144,1658935060,0.24937659999999998
2145,1658935061,0.0
2146,1658935062,1.745636
2147,1658935063,0.5025126
2148,1658935064,0.24875619999999998
2149,1658935065,0.5012531
2150,1658935066,0.0
2151,1658935067,0.7462687
2152,1658935068,0.7481297
2153,1658935069,0.2518892
2154,1658935070,0.24691359999999998
2155,1658935071,0.24937659999999998
2156,1658935072,0.24937659999999998
2157,1658935073,0.24937659999999998
2158,1658935074,0.24937659999999998
2159,1658935075,0.7425743
2160,1658935076,0.25
2161,1658935077,0.4962779
2162,1658935078,3.7220839999999997
2163,1658935079,5.276382
2164,1658935080,2.493766
2165,1658935081,1.2562814
2166,1658935082,1.4925373
2167,1658935083,0.2512563
2168,1658935084,0.248139
2169,1658935085,0.4987531
2170,1658935086,0.248139
2171,1658935087,0.9950249
2172,1658935088,0.4987531
2173,1658935089,0.7462687
2174,1658935090,0.24937659999999998
2175,1658935091,0.2506266
2176,1658935092,1.2345679
2177,1658935093,0.5025126
2178,1658935094,0.4962779
2179,1658935095,0.7556674999999999
2180,1658935096,0.248139
2181,1658935097,0.4987531
2182,1658935098,0.5012531
2183,1658935099,1.2376238
2184,1658935100,1.0025063
2185,1658935101,0.5025126
2186,1658935102,1.5
2187,1658935103,0.7594936999999999
2188,1658935104,0.7462687
2189,1658935105,0.4987531
2190,1658935106,0.248139
2191,1658935107,0.9925558
2192,1658935108,0.0
2193,1658935109,0.2512563
2194,1658935110,0.75
2195,1658935111,0.0
2196,1658935112,1.0025063
2197,1658935113,0.2506266
2198,1658935114,0.24937659999999998
2199,1658935115,0.25
2200,1658935116,0.248139
2201,1658935117,0.5
2202,1658935118,0.7444168999999999
2203,1658935119,0.2518892
2204,1658935120,0.9975062
2205,1658935121,0.7537688
2206,1658935122,0.4950495
2207,1658935123,0.49751239999999997
2208,1658935124,0.24937659999999998
2209,1658935125,0.5
2210,1658935126,0.24937659999999998
2211,1658935127,0.5012531
2212,1658935128,0.24937659999999998
2213,1658935129,0.5025126
2214,1658935130,0.0
2215,1658935131,0.0
2216,1658935132,0.4987531
2217,1658935133,0.4987531
2218,1658935134,0.5025126
2219,1658935135,0.2512563
2220,1658935136,0.2518892
2221,1658935137,0.7481297
2222,1658935138,0.24937659999999998
2223,1658935139,0.4987531
2224,1658935140,3.015075
2225,1658935141,1.0025063
2226,1658935142,2.227723
2227,1658935143,0.0
2228,1658935144,0.5012531
2229,1658935145,0.24875619999999998
2230,1658935146,0.2506266
2231,1658935147,0.4962779
2232,1658935148,0.0
2233,1658935149,0.2506266
2234,1658935150,0.4987531
2235,1658935151,0.4962779
2236,1658935152,1.0
2237,1658935153,0.0
2238,1658935154,0.0
2239,1658935155,0.0
2240,1658935156,0.24630539999999998
2241,1658935157,1.0050251
2242,1658935158,0.0
2243,1658935159,0.5
2244,1658935160,0.0
2245,1658935161,0.248139
2246,1658935162,9.273183
2247,1658935163,2.531646
2248,1658935164,0.4962779
2249,1658935165,0.0
2250,1658935166,0.0
2251,1658935167,0.25
2252,1658935168,0.7481297
2253,1658935169,1.0075567
2254,1658935170,0.4987531
2255,1658935171,0.24937659999999998
2256,1658935172,0.5
2257,1658935173,0.0
2258,1658935174,0.248139
2259,1658935175,0.2518892
2260,1658935176,0.7537688
2261,1658935177,0.25
2262,1658935178,0.2475248
2263,1658935179,0.248139
2264,1658935180,8.312343
2265,1658935181,3.535354
2266,1658935182,1.4888337
2267,1658935183,0.75
2268,1658935184,0.7444168999999999
2269,1658935185,0.5
2270,1658935186,0.24630539999999998
2271,1658935187,1.2562814
2272,1658935188,0.25
2273,1658935189,0.24875619999999998
2274,1658935190,0.7594936999999999
2275,1658935191,0.7614213
2276,1658935192,1.2437811
2277,1658935193,0.49751239999999997
2278,1658935194,0.49751239999999997
2279,1658935195,0.0
2280,1658935196,0.0
2281,1658935197,0.0
2282,1658935198,0.7518796999999999
2283,1658935199,0.0
2284,1658935200,2.238806
2285,1658935201,1.5
2286,1658935202,2.75
2287,1658935203,0.4950495
2288,1658935204,0.0
2289,1658935205,0.0
2290,1658935206,0.5012531
2291,1658935207,0.4987531
2292,1658935208,0.0
2293,1658935209,0.0
2294,1658935210,0.0
2295,1658935211,0.5
2296,1658935212,12.886598
2297,1658935213,0.7518796999999999
2298,1658935214,1.0025063
2299,1658935215,0.7518796999999999
2300,1658935216,0.5012531
2301,1658935217,0.5037783
2302,1658935218,0.5012531
2303,1658935219,0.0
2304,1658935220,0.24937659999999998
2305,1658935221,0.2512563
2306,1658935222,1.2437811
2307,1658935223,0.7481297
2308,1658935224,0.7481297
2309,1658935225,0.0
2310,1658935226,0.2512563
2311,1658935227,0.990099
2312,1658935228,0.0
2313,1658935229,0.5
2314,1658935230,8.040201
2315,1658935231,0.5
2316,1658935232,0.9975062
2317,1658935233,0.2518892
2318,1658935234,0.0
2319,1658935235,0.5012531
2320,1658935236,0.0
2321,1658935237,0.49751239999999997
2322,1658935238,0.0
2323,1658935239,0.25
2324,1658935240,0.4962779
2325,1658935241,0.7481297
2326,1658935242,0.9975062
2327,1658935243,0.0
2328,1658935244,0.4987531
2329,1658935245,0.0
2330,1658935246,0.25
2331,1658935247,0.7444168999999999
2332,1658935248,0.7556674999999999
2333,1658935249,0.5
2334,1658935250,0.7594936999999999
2335,1658935251,0.2525253
2336,1658935252,1.25
2337,1658935253,0.25
2338,1658935254,0.4987531
2339,1658935255,0.0
2340,1658935256,0.4950495
2341,1658935257,0.5012531
2342,1658935258,0.248139
2343,1658935259,0.7556674999999999
2344,1658935260,2.7431419999999997
2345,1658935261,1.5037593999999999
2346,1658935262,0.4962779
2347,1658935263,0.248139
2348,1658935264,0.24875619999999998
2349,1658935265,0.2506266
2350,1658935266,0.2512563
2351,1658935267,1.2531328
2352,1658935268,0.4950495
2353,1658935269,0.0
2354,1658935270,0.24875619999999998
2355,1658935271,0.5
2356,1658935272,1.0075567
2357,1658935273,0.7537688
2358,1658935274,0.248139
2359,1658935275,0.0
2360,1658935276,0.0
2361,1658935277,1.0025063
2362,1658935278,0.7462687
2363,1658935279,0.5
2364,1658935280,0.4950495
2365,1658935281,0.5063291
2366,1658935282,1.2626263
2367,1658935283,0.5
2368,1658935284,0.7518796999999999
2369,1658935285,0.0
2370,1658935286,0.49751239999999997
2371,1658935287,1.25
2372,1658935288,1.0025063
2373,1658935289,0.7575757999999999
2374,1658935290,0.7481297
2375,1658935291,1.0
2376,1658935292,1.2345679
2377,1658935293,0.2518892
2378,1658935294,0.0
2379,1658935295,0.0
2380,1658935296,0.248139
2381,1658935297,1.0
2382,1658935298,0.7425743
2383,1658935299,1.0075567
2384,1658935300,12.531328
2385,1658935301,25.44081
2386,1658935302,25.31328
2387,1658935303,25.12563
2388,1658935304,25.6927
2389,1658935305,25.44081
2390,1658935306,24.93766
2391,1658935307,25.6927
2392,1658935308,25.25
2393,1658935309,25.18892
2394,1658935310,25.18703
2395,1658935311,25.18703
2396,1658935312,25.5
2397,1658935313,25.25253
2398,1658935314,24.5
2399,1658935315,25.5
2400,1658935316,25.44081
2401,1658935317,7.537688
2402,1658935318,0.2475248
2403,1658935319,0.2506266
2404,1658935320,3.25
2405,1658935321,0.5
2406,1658935322,1.0050251
2407,1658935323,0.5
2408,1658935324,0.2506266
2409,1658935325,0.24937659999999998
2410,1658935326,0.5012531
2411,1658935327,0.7444168999999999
2412,1658935328,0.5
2413,1658935329,0.5012531
2414,1658935330,0.0
2415,1658935331,0.0
2416,1658935332,0.49751239999999997
2417,1658935333,0.24875619999999998
2418,1658935334,24.8139
2419,1658935335,25.1269
2420,1658935336,24.93766
2421,1658935337,25.06266
2422,1658935338,25.31328
2423,1658935339,25.31328
2424,1658935340,24.75
2425,1658935341,25.06266
2426,1658935342,25.12438
2427,1658935343,24.8139
2428,1658935344,25.0
2429,1658935345,25.0
2430,1658935346,24.68828
2431,1658935347,25.31328
2432,1658935348,25.18892
2433,1658935349,25.31328
2434,1658935350,19.34673
2435,1658935351,0.248139
2436,1658935352,0.7556674999999999
2437,1658935353,0.2506266
2438,1658935354,0.0
2439,1658935355,0.2506266
2440,1658935356,0.0
2441,1658935357,0.4962779
2442,1658935358,0.2506266
2443,1658935359,0.7462687
2444,1658935360,1.25
2445,1658935361,0.9975062
2446,1658935362,0.7481297
2447,1658935363,0.24630539999999998
2448,1658935364,0.24875619999999998
2449,1658935365,0.2512563
2450,1658935366,0.7518796999999999
2451,1658935367,10.25641
2452,1658935368,7.731959
2453,1658935369,0.5037783
2454,1658935370,0.0
2455,1658935371,0.25
2456,1658935372,1.0025063
2457,1658935373,0.2475248
2458,1658935374,1.0050251
2459,1658935375,0.5012531
2460,1658935376,0.9925558
2461,1658935377,1.2468828
2462,1658935378,0.24875619999999998
2463,1658935379,0.0
2464,1658935380,0.5012531
2465,1658935381,2.736318
2466,1658935382,0.0
2467,1658935383,1.2562814
2468,1658935384,0.0
2469,1658935385,0.49751239999999997
2470,1658935386,0.7425743
2471,1658935387,0.4987531
2472,1658935388,2.0
2473,1658935389,25.06266
2474,1658935390,25.06266
2475,1658935391,24.93766
2476,1658935392,24.87562
2477,1658935393,25.44081
2478,1658935394,24.5614
2479,1658935395,25.37688
2480,1658935396,25.44081
2481,1658935397,24.74747
2482,1658935398,25.12563
2483,1658935399,25.44081
2484,1658935400,25.31328
2485,1658935401,25.0
2486,1658935402,25.82278
2487,1658935403,25.12563
2488,1658935404,24.93703
2489,1658935405,16.582915
2490,1658935406,1.0
2491,1658935407,1.2531328
2492,1658935408,0.0
2493,1658935409,0.2512563
2494,1658935410,0.7575757999999999
2495,1658935411,0.25
2496,1658935412,0.7425743
2497,1658935413,0.5012531
2498,1658935414,0.9975062
2499,1658935415,0.49751239999999997
2500,1658935416,0.24937659999999998
2501,1658935417,0.2518892
2502,1658935418,0.0
2503,1658935419,0.75
2504,1658935420,0.2506266
2505,1658935421,0.25
2506,1658935422,1.745636
2507,1658935423,0.0
2508,1658935424,0.0
2509,1658935425,0.0
2510,1658935426,0.2506266
2511,1658935427,1.0050251
2512,1658935428,0.75
2513,1658935429,0.7537688
2514,1658935430,0.5050505
2515,1658935431,0.5025126
2516,1658935432,1.754386
2517,1658935433,0.4987531
2518,1658935434,0.0
2519,1658935435,21.41058
2520,1658935436,25.25253
2521,1658935437,25.6927
2522,1658935438,25.06266
2523,1658935439,25.62814
2524,1658935440,27.56892
2525,1658935441,24.87437
2526,1658935442,25.62814
2527,1658935443,24.74747
2528,1658935444,25.06266
2529,1658935445,25.44081
2530,1658935446,24.81203
2531,1658935447,24.93703
2532,1658935448,25.37688
2533,1658935449,25.56391
2534,1658935450,25.18892
2535,1658935451,21.46465
2536,1658935452,0.24875619999999998
2537,1658935453,0.0
2538,1658935454,0.248139
2539,1658935455,0.2525253
2540,1658935456,0.248139
2541,1658935457,0.25
2542,1658935458,0.0
2543,1658935459,0.0
2544,1658935460,0.9975062
2545,1658935461,0.2506266
2546,1658935462,0.49751239999999997
2547,1658935463,0.248139
2548,1658935464,0.248139
2549,1658935465,0.0
2550,1658935466,0.2506266
2551,1658935467,0.9975062
2552,1658935468,8.77193
2553,1658935469,0.75
2554,1658935470,0.25
2555,1658935471,0.0
2556,1658935472,0.24875619999999998
2557,1658935473,0.0
2558,1658935474,0.5
2559,1658935475,0.25
2560,1658935476,0.2512563
2561,1658935477,0.4950495
2562,1658935478,0.0
2563,1658935479,0.7389163
2564,1658935480,0.2518892
2565,1658935481,9.620253
2566,1658935482,1.2562814
2567,1658935483,0.0
2568,1658935484,0.25
2569,1658935485,0.24875619999999998
2570,1658935486,0.9975062
2571,1658935487,1.010101
2572,1658935488,0.5012531
2573,1658935489,0.7481297
2574,1658935490,0.0
2575,1658935491,0.24937659999999998
2576,1658935492,0.5
2577,1658935493,0.7444168999999999
2578,1658935494,0.75
2579,1658935495,0.25
2580,1658935496,0.0
2581,1658935497,0.2475248
2582,1658935498,0.5050505
2583,1658935499,0.0
2584,1658935500,2.0
2585,1658935501,0.5037783
2586,1658935502,0.7537688
2587,1658935503,1.0075567
2588,1658935504,0.0
2589,1658935505,0.0
2590,1658935506,0.5012531
2591,1658935507,0.7425743
2592,1658935508,0.2506266
2593,1658935509,0.4987531
2594,1658935510,0.5
2595,1658935511,0.2512563
2596,1658935512,0.75
2597,1658935513,0.2506266
2598,1658935514,1.0025063
2599,1658935515,0.7537688
2600,1658935516,0.7425743
2601,1658935517,0.5050505
2602,1658935518,0.7425743
2603,1658935519,0.5037783
2604,1658935520,0.0
2605,1658935521,0.0
2606,1658935522,0.5012531
2607,1658935523,0.248139
2608,1658935524,0.7537688
2609,1658935525,0.5012531
2610,1658935526,0.2512563
2611,1658935527,0.75
2612,1658935528,0.2525253
2613,1658935529,0.0
2614,1658935530,0.24937659999999998
2615,1658935531,0.0
2616,1658935532,1.741294
2617,1658935533,0.7537688
2618,1658935534,0.0
2619,1658935535,0.5050505
2620,1658935536,0.2512563
2621,1658935537,0.75
2622,1658935538,1.2562814
2623,1658935539,0.0
2624,1658935540,0.24875619999999998
2625,1658935541,0.5025126
2626,1658935542,0.7425743
2627,1658935543,0.25
2628,1658935544,0.24875619999999998
2629,1658935545,0.0
2630,1658935546,0.24937659999999998
2631,1658935547,0.7462687
2632,1658935548,0.9950249
2633,1658935549,0.7537688
2634,1658935550,0.7462687
2635,1658935551,0.75
2636,1658935552,0.7407406999999999
2637,1658935553,0.4962779
2638,1658935554,0.0
2639,1658935555,0.25
2640,1658935556,0.24937659999999998
2641,1658935557,1.745636
2642,1658935558,0.7462687
2643,1658935559,0.2506266
2644,1658935560,2.763819
2645,1658935561,0.7518796999999999
2646,1658935562,0.75
2647,1658935563,0.0
2648,1658935564,0.7518796999999999
2649,1658935565,0.7518796999999999
2650,1658935566,0.24875619999999998
2651,1658935567,0.24937659999999998
2652,1658935568,0.2506266
2653,1658935569,0.75
2654,1658935570,0.2506266
2655,1658935571,0.0
2656,1658935572,0.24875619999999998
2657,1658935573,0.4987531
2658,1658935574,0.49751239999999997
2659,1658935575,0.2475248
2660,1658935576,0.0
2661,1658935577,0.24937659999999998
2662,1658935578,0.0
2663,1658935579,0.5
2664,1658935580,0.24875619999999998
2665,1658935581,0.0
2666,1658935582,1.0
2667,1658935583,0.7518796999999999
2668,1658935584,0.2475248
2669,1658935585,0.2512563
2670,1658935586,0.0
2671,1658935587,0.7444168999999999
2672,1658935588,0.0
2673,1658935589,0.0
2674,1658935590,0.2506266
2675,1658935591,0.5037783
2676,1658935592,1.5037593999999999
2677,1658935593,0.2512563
2678,1658935594,0.25
2679,1658935595,0.4950495
2680,1658935596,0.0
2681,1658935597,0.75
2682,1658935598,0.0
2683,1658935599,0.5012531
2684,1658935600,0.7407406999999999
2685,1658935601,0.0
2686,1658935602,1.2315271
2687,1658935603,0.5
2688,1658935604,0.5025126
2689,1658935605,0.7481297
2690,1658935606,0.0
2691,1658935607,0.9975062
2692,1658935608,0.7518796999999999
2693,1658935609,0.5
2694,1658935610,0.7537688
2695,1658935611,0.0
2696,1658935612,1.4925373
2697,1658935613,0.0
2698,1658935614,0.24875619999999998
2699,1658935615,0.5037783
2700,1658935616,0.25
2701,1658935617,1.2531328
2702,1658935618,0.7518796999999999
2703,1658935619,0.2506266
2704,1658935620,2.722772
2705,1658935621,0.9975062
2706,1658935622,1.0
2707,1658935623,0.24937659999999998
2708,1658935624,0.5
2709,1658935625,0.0
2710,1658935626,0.49751239999999997
2711,1658935627,0.9950249
2712,1658935628,0.49751239999999997
2713,1658935629,0.5012531
2714,1658935630,0.5
2715,1658935631,0.0
2716,1658935632,0.4987531
2717,1658935633,0.5
2718,1658935634,0.7462687
2719,1658935635,0.0
2720,1658935636,0.4987531
2721,1658935637,11.42132
2722,1658935638,0.5050505
2723,1658935639,0.24875619999999998
2724,1658935640,0.24937659999999998
2725,1658935641,0.5
2726,1658935642,0.9950249
2727,1658935643,0.5012531
2728,1658935644,0.4987531
2729,1658935645,0.5025126
2730,1658935646,0.25
2731,1658935647,0.75
2732,1658935648,0.248139
2733,1658935649,0.25
2734,1658935650,0.49751239999999997
2735,1658935651,0.2518892
2736,1658935652,1.2468828
2737,1658935653,0.25
2738,1658935654,0.0
2739,1658935655,8.5
2740,1658935656,0.0
2741,1658935657,0.7481297
2742,1658935658,0.24937659999999998
2743,1658935659,0.24937659999999998
2744,1658935660,0.7462687
2745,1658935661,0.5
2746,1658935662,0.49751239999999997
2747,1658935663,0.2518892
2748,1658935664,0.5012531
2749,1658935665,0.7444168999999999
2750,1658935666,0.9950249
2751,1658935667,0.5
2752,1658935668,0.4987531
2753,1658935669,11.528822
2754,1658935670,0.2512563
2755,1658935671,0.25
2756,1658935672,1.4888337
2757,1658935673,0.5
2758,1658935674,0.24937659999999998
2759,1658935675,0.4987531
2760,1658935676,0.0
2761,1658935677,1.2376238
2762,1658935678,0.2506266
2763,1658935679,0.5012531
2764,1658935680,2.736318
2765,1658935681,0.9975062
2766,1658935682,1.2531328
2767,1658935683,0.2518892
2768,1658935684,0.5
2769,1658935685,1.0
2770,1658935686,0.7481297
2771,1658935687,9.090909
2772,1658935688,0.0
2773,1658935689,0.24937659999999998
2774,1658935690,0.7481297
2775,1658935691,0.7481297
2776,1658935692,1.758794
2777,1658935693,0.2506266
2778,1658935694,0.24875619999999998
2779,1658935695,0.5
2780,1658935696,0.7481297
2781,1658935697,0.0
2782,1658935698,0.75
2783,1658935699,0.7518796999999999
2784,1658935700,0.2506266
2785,1658935701,0.248139
2786,1658935702,0.4950495
2787,1658935703,0.5012531
2788,1658935704,0.0
2789,1658935705,0.5012531
2790,1658935706,0.49751239999999997
2791,1658935707,1.0025063
2792,1658935708,0.5
2793,1658935709,0.24937659999999998
2794,1658935710,0.24875619999999998
2795,1658935711,0.0
2796,1658935712,1.0
2797,1658935713,0.7481297
2798,1658935714,0.7462687
2799,1658935715,0.5
2800,1658935716,9.367089
2801,1658935717,0.7537688
2802,1658935718,0.24691359999999998
2803,1658935719,0.24937659999999998
2804,1658935720,0.5
2805,1658935721,0.2506266
2806,1658935722,0.7481297
2807,1658935723,0.5
2808,1658935724,0.24937659999999998
2809,1658935725,0.24937659999999998
2810,1658935726,0.248139
2811,1658935727,1.2531328
2812,1658935728,0.5012531
2813,1658935729,0.2506266
2814,1658935730,0.5025126
2815,1658935731,0.4987531
2816,1658935732,3.225806
2817,1658935733,9.207161
2818,1658935734,0.2518892
2819,1658935735,0.49751239999999997
2820,1658935736,0.75
2821,1658935737,1.2531328
2822,1658935738,0.49751239999999997
2823,1658935739,0.5012531
2824,1658935740,3.0
2825,1658935741,0.7518796999999999
2826,1658935742,0.2506266
2827,1658935743,0.24937659999999998
2828,1658935744,0.5
2829,1658935745,0.4987531
2830,1658935746,0.49751239999999997
2831,1658935747,0.75
2832,1658935748,0.24937659999999998
2833,1658935749,0.2506266
2834,1658935750,0.4987531
2835,1658935751,0.4987531
2836,1658935752,0.9950249
2837,1658935753,0.2506266
2838,1658935754,0.24875619999999998
2839,1658935755,0.5012531
2840,1658935756,0.2506266
2841,1658935757,0.25
2842,1658935758,0.2512563
2843,1658935759,0.7518796999999999
2844,1658935760,0.5012531
2845,1658935761,0.4987531
2846,1658935762,0.49751239999999997
2847,1658935763,0.5012531
2848,1658935764,0.7481297
2849,1658935765,0.0
2850,1658935766,0.24937659999999998
2851,1658935767,1.0025063
2852,1658935768,0.24937659999999998
2853,1658935769,0.2518892
2854,1658935770,0.24937659999999998
2855,1658935771,0.2506266
2856,1658935772,0.2525253
2857,1658935773,0.4987531
2858,1658935774,0.24937659999999998
2859,1658935775,0.5
2860,1658935776,0.5076142
2861,1658935777,0.7481297
2862,1658935778,0.25
2863,1658935779,0.4987531
2864,1658935780,0.7444168999999999
2865,1658935781,0.5012531
2866,1658935782,1.2437811
2867,1658935783,0.4987531
2868,1658935784,0.7444168999999999
2869,1658935785,0.24937659999999998
2870,1658935786,0.25
2871,1658935787,1.2562814
2872,1658935788,0.7481297
2873,1658935789,0.5012531
2874,1658935790,0.7518796999999999
2875,1658935791,0.24570019999999998
2876,1658935792,0.9876543
2877,1658935793,0.5037783
2878,1658935794,0.24875619999999998
2879,1658935795,0.2518892
2880,1658935796,0.2506266
2881,1658935797,1.4962594
2882,1658935798,0.0
2883,1658935799,0.5025126
2884,1658935800,2.0
2885,1658935801,1.0050251
2886,1658935802,0.9925558
2887,1658935803,0.2506266
2888,1658935804,0.4962779
2889,1658935805,1.2562814
2890,1658935806,2.9925189999999997
2891,1658935807,5.276382
2892,1658935808,0.0
2893,1658935809,0.5012531
2894,1658935810,0.4987531
2895,1658935811,0.5025126
2896,1658935812,0.7462687
2897,1658935813,0.25
2898,1658935814,0.7481297
2899,1658935815,0.5012531
2900,1658935816,0.5012531
2901,1658935817,0.2506266
2902,1658935818,0.24875619999999998
2903,1658935819,0.4950495
2904,1658935820,0.4987531
2905,1658935821,0.2506266
2906,1658935822,0.5050505
2907,1658935823,0.0
2908,1658935824,0.24875619999999998
2909,1658935825,0.5012531
2910,1658935826,0.7425743
2911,1658935827,1.4962594
2912,1658935828,0.24875619999999998
2913,1658935829,0.5025126
2914,1658935830,0.25
2915,1658935831,0.75
2916,1658935832,1.2406948
2917,1658935833,0.248139
2918,1658935834,7.0
2919,1658935835,2.261307
2920,1658935836,0.2512563
2921,1658935837,1.4925373
2922,1658935838,0.5012531
2923,1658935839,0.0
2924,1658935840,0.5
2925,1658935841,0.5037783
2926,1658935842,0.75
2927,1658935843,0.25
2928,1658935844,0.2506266
2929,1658935845,0.25
2930,1658935846,0.5012531
2931,1658935847,1.2531328
2932,1658935848,0.4987531
2933,1658935849,0.49751239999999997
2934,1658935850,0.5
2935,1658935851,0.7518796999999999
2936,1658935852,0.9950249
2937,1658935853,1.0075567
2938,1658935854,0.49751239999999997
2939,1658935855,0.2506266
2940,1658935856,0.5
2941,1658935857,0.5037783
2942,1658935858,0.2475248
2943,1658935859,0.2512563
2944,1658935860,3.258145
2945,1658935861,8.542714
2946,1658935862,1.0126582
2947,1658935863,0.49751239999999997
2948,1658935864,0.5
2949,1658935865,0.2512563
2950,1658935866,0.5
2951,1658935867,1.754386
2952,1658935868,0.5012531
2953,1658935869,0.4987531
2954,1658935870,0.4962779
2955,1658935871,0.25
2956,1658935872,0.7518796999999999
2957,1658935873,0.2518892
2958,1658935874,1.4925373
2959,1658935875,10.824742
2960,1658935876,0.5050505
2961,1658935877,1.25
2962,1658935878,0.2512563
2963,1658935879,0.25
2964,1658935880,0.25
2965,1658935881,0.2506266
2966,1658935882,0.7407406999999999
2967,1658935883,0.7556674999999999
2968,1658935884,0.2512563
2969,1658935885,0.5
2970,1658935886,0.4962779
2971,1658935887,1.2345679
2972,1658935888,0.24875619999999998
2973,1658935889,0.248139
2974,1658935890,0.24875619999999998
2975,1658935891,0.5012531
2976,1658935892,0.7481297
2977,1658935893,0.7537688
2978,1658935894,0.9925558
2979,1658935895,0.7537688
2980,1658935896,0.25
2981,1658935897,0.24875619999999998
2982,1658935898,0.24875619999999998
2983,1658935899,0.25
2984,1658935900,0.75
2985,1658935901,0.5
2986,1658935902,0.9925558
2987,1658935903,0.5012531
2988,1658935904,0.24875619999999998
2989,1658935905,0.24875619999999998
2990,1658935906,0.0
2991,1658935907,1.0025063
2992,1658935908,1.0025063
2993,1658935909,0.24937659999999998
2994,1658935910,0.5
2995,1658935911,0.0
2996,1658935912,1.2406948
2997,1658935913,0.9975062
2998,1658935914,0.2506266
2999,1658935915,0.5037783
3000,1658935916,0.5025126
3001,1658935917,0.24937659999999998
3002,1658935918,0.5
3003,1658935919,0.5
3004,1658935920,3.2663320000000002
3005,1658935921,0.7518796999999999
3006,1658935922,1.5
3007,1658935923,0.2506266
3008,1658935924,0.25
3009,1658935925,0.5
3010,1658935926,0.24937659999999998
3011,1658935927,0.7537688
3012,1658935928,0.7481297
3013,1658935929,0.2506266
3014,1658935930,0.24937659999999998
3015,1658935931,0.24875619999999998
3016,1658935932,1.0
3017,1658935933,0.2518892
3018,1658935934,0.0
3019,1658935935,0.49751239999999997
3020,1658935936,0.24691359999999998
3021,1658935937,0.4962779
3022,1658935938,0.4962779
3023,1658935939,1.2531328
3024,1658935940,0.9950249
3025,1658935941,0.5
3026,1658935942,1.0025063
3027,1658935943,0.2506266
3028,1658935944,0.2506266
3029,1658935945,0.49751239999999997
3030,1658935946,0.24875619999999998
3031,1658935947,0.2506266
3032,1658935948,0.5
3033,1658935949,0.5025126
3034,1658935950,0.25
3035,1658935951,0.4987531
3036,1658935952,1.2437811
3037,1658935953,0.5050505
3038,1658935954,0.25
3039,1658935955,0.5012531
3040,1658935956,0.5037783
3041,1658935957,0.7556674999999999
3042,1658935958,0.24691359999999998
3043,1658935959,0.49751239999999997
3044,1658935960,0.5025126
3045,1658935961,0.7537688
3046,1658935962,1.7369729999999999
3047,1658935963,0.4987531
3048,1658935964,0.0
3049,1658935965,1.0025063
3050,1658935966,0.0
3051,1658935967,0.7518796999999999
3052,1658935968,0.0
3053,1658935969,1.0050251
3054,1658935970,0.5
3055,1658935971,0.4987531
3056,1658935972,1.2406948
3057,1658935973,0.7518796999999999
3058,1658935974,0.24630539999999998
3059,1658935975,0.0
3060,1658935976,0.5
3061,1658935977,0.9975062
3062,1658935978,0.7518796999999999
3063,1658935979,0.24937659999999998
3064,1658935980,2.261307
3065,1658935981,0.5012531
3066,1658935982,0.7518796999999999
3067,1658935983,0.5025126
3068,1658935984,0.7537688
3069,1658935985,0.9925558
3070,1658935986,0.4962779
3071,1658935987,0.5
3072,1658935988,0.25
3073,1658935989,0.5
3074,1658935990,0.5
3075,1658935991,0.0
3076,1658935992,0.9975062
3077,1658935993,0.4987531
3078,1658935994,0.4962779
3079,1658935995,0.5012531
3080,1658935996,0.49751239999999997
3081,1658935997,0.7481297
3082,1658935998,0.4962779
3083,1658935999,0.248139
3084,1658936000,0.5025126
3085,1658936001,0.24937659999999998
3086,1658936002,0.2506266
3087,1658936003,0.248139
3088,1658936004,11.363636
3089,1658936005,1.5
3090,1658936006,0.24875619999999998
3091,1658936007,0.9975062
3092,1658936008,0.24937659999999998
3093,1658936009,0.5037783
3094,1658936010,0.2512563
3095,1658936011,0.0
3096,1658936012,0.7594936999999999
3097,1658936013,0.0
3098,1658936014,0.248139
3099,1658936015,0.0
3100,1658936016,0.49382719999999997
3101,1658936017,0.49751239999999997
3102,1658936018,0.5025126
3103,1658936019,0.5012531
3104,1658936020,0.2475248
3105,1658936021,0.2475248
3106,1658936022,12.594458
3107,1658936023,0.2518892
3108,1658936024,0.0
3109,1658936025,0.7594936999999999
3110,1658936026,0.5037783
3111,1658936027,1.0
3112,1658936028,0.25
3113,1658936029,0.25
3114,1658936030,0.49751239999999997
3115,1658936031,0.5
3116,1658936032,1.2562814
3117,1658936033,0.5050505
3118,1658936034,0.75
3119,1658936035,0.7481297
3120,1658936036,0.5025126
3121,1658936037,0.9950249
3122,1658936038,0.0
3123,1658936039,0.0
3124,1658936040,3.241895
3125,1658936041,0.75
3126,1658936042,0.4962779
3127,1658936043,0.25
3128,1658936044,0.2512563
3129,1658936045,0.0
3130,1658936046,0.2506266
3131,1658936047,0.75
3132,1658936048,0.25
3133,1658936049,0.248139
3134,1658936050,1.0025063
3135,1658936051,0.7537688
3136,1658936052,1.0050251
3137,1658936053,9.923664
3138,1658936054,0.5012531
3139,1658936055,0.0
3140,1658936056,0.2512563
3141,1658936057,0.24937659999999998
3142,1658936058,0.5
3143,1658936059,0.5025126
3144,1658936060,0.7594936999999999
3145,1658936061,0.2518892
3146,1658936062,0.4987531
3147,1658936063,0.7462687
3148,1658936064,0.24875619999999998
3149,1658936065,0.25
3150,1658936066,1.0025063
3151,1658936067,0.7518796999999999
3152,1658936068,0.4962779
3153,1658936069,8.521303
3154,1658936070,0.7518796999999999
3155,1658936071,0.5
3156,1658936072,0.9876543
3157,1658936073,0.0
3158,1658936074,0.2512563
3159,1658936075,0.5
3160,1658936076,0.7425743
3161,1658936077,1.0
3162,1658936078,0.9975062
3163,1658936079,0.49751239999999997
3164,1658936080,0.4950495
3165,1658936081,0.0
3166,1658936082,8.542714
3167,1658936083,5.276382
3168,1658936084,0.5
3169,1658936085,0.24937659999999998
3170,1658936086,0.7444168999999999
3171,1658936087,0.7462687
3172,1658936088,0.24875619999999998
3173,1658936089,0.248139
3174,1658936090,0.24875619999999998
3175,1658936091,0.49382719999999997
3176,1658936092,1.4925373
3177,1658936093,0.7462687
3178,1658936094,0.5037783
3179,1658936095,0.24937659999999998
3180,1658936096,0.24691359999999998
3181,1658936097,0.24937659999999998
3182,1658936098,0.4950495
3183,1658936099,0.2506266
3184,1658936100,3.768844
3185,1658936101,0.5
3186,1658936102,0.9925558
3187,1658936103,0.49751239999999997
3188,1658936104,0.248139
3189,1658936105,0.24937659999999998
3190,1658936106,0.5
3191,1658936107,1.2562814
3192,1658936108,0.4987531
3193,1658936109,0.75
3194,1658936110,0.4987531
3195,1658936111,0.0
3196,1658936112,0.7518796999999999
3197,1658936113,12.219451
3198,1658936114,2.267003
3199,1658936115,0.7425743
3200,1658936116,0.0
3201,1658936117,0.0
3202,1658936118,1.4888337
3203,1658936119,0.24937659999999998
3204,1658936120,0.49751239999999997
3205,1658936121,0.7518796999999999
3206,1658936122,1.5
3207,1658936123,0.25
3208,1658936124,0.75
3209,1658936125,0.4987531
3210,1658936126,0.24630539999999998
3211,1658936127,0.2512563
3212,1658936128,0.0
3213,1658936129,0.0
3214,1658936130,0.24875619999999998
3215,1658936131,11.838791
3216,1658936132,1.745636
3217,1658936133,0.0
3218,1658936134,0.2506266
3219,1658936135,0.25
3220,1658936136,0.4987531
3221,1658936137,0.4987531
3222,1658936138,0.24937659999999998
3223,1658936139,0.4950495
3224,1658936140,0.5012531
3225,1658936141,0.7518796999999999
3226,1658936142,1.2406948
3227,1658936143,0.2506266
3228,1658936144,0.4987531
3229,1658936145,0.25
3230,1658936146,0.0
3231,1658936147,0.24937659999999998
3232,1658936148,0.25
3233,1658936149,10.852713
3234,1658936150,0.24937659999999998
3235,1658936151,0.4987531
3236,1658936152,0.0
3237,1658936153,0.5
3238,1658936154,0.24875619999999998
3239,1658936155,0.5
3240,1658936156,0.0
3241,1658936157,0.7444168999999999
3242,1658936158,0.990099
3243,1658936159,0.49751239999999997
3244,1658936160,3.7783379999999998
3245,1658936161,0.5050505
3246,1658936162,0.9950249
3247,1658936163,0.25
3248,1658936164,0.24691359999999998
3249,1658936165,0.2506266
3250,1658936166,0.49751239999999997
3251,1658936167,22.63682
3252,1658936168,24.81203
3253,1658936169,24.81203
3254,1658936170,24.75
3255,1658936171,25.12563
3256,1658936172,25.44081
3257,1658936173,25.06266
3258,1658936174,25.0
3259,1658936175,25.12563
3260,1658936176,24.62687
3261,1658936177,25.25
3262,1658936178,25.18703
3263,1658936179,25.12563
3264,1658936180,24.87437
3265,1658936181,25.12438
3266,1658936182,25.25
3267,1658936183,25.12438
3268,1658936184,1.2437811
3269,1658936185,0.24937659999999998
3270,1658936186,0.24937659999999998
3271,1658936187,0.4962779
3272,1658936188,0.7518796999999999
3273,1658936189,0.75
3274,1658936190,0.7352941
3275,1658936191,0.25
3276,1658936192,0.4987531
3277,1658936193,0.24875619999999998
3278,1658936194,0.24570019999999998
3279,1658936195,0.7481297
3280,1658936196,0.7425743
3281,1658936197,0.7481297
3282,1658936198,0.24875619999999998
3283,1658936199,0.24875619999999998
3284,1658936200,9.090909
3285,1658936201,1.75
3286,1658936202,0.7444168999999999
3287,1658936203,0.4950495
3288,1658936204,0.7462687
3289,1658936205,0.24875619999999998
3290,1658936206,0.0
3291,1658936207,1.2406948
3292,1658936208,0.4950495
3293,1658936209,0.24875619999999998
3294,1658936210,0.5
3295,1658936211,0.25
3296,1658936212,0.24937659999999998
3297,1658936213,0.2506266
3298,1658936214,0.0
3299,1658936215,0.2506266
3300,1658936216,4.5
3301,1658936217,25.56391
3302,1658936218,25.0
3303,1658936219,25.37688
3304,1658936220,26.31579
3305,1658936221,25.06266
3306,1658936222,25.50505
3307,1658936223,24.81203
3308,1658936224,25.06266
3309,1658936225,25.25
3310,1658936226,25.12563
3311,1658936227,25.44081
3312,1658936228,25.0
3313,1658936229,25.44081
3314,1658936230,25.06266
3315,1658936231,25.56391
3316,1658936232,25.6927
3317,1658936233,19.89924
3318,1658936234,0.24875619999999998
3319,1658936235,0.0
3320,1658936236,0.0
3321,1658936237,1.4962594
3322,1658936238,1.25
3323,1658936239,0.0
3324,1658936240,0.7462687
3325,1658936241,1.2437811
3326,1658936242,0.49382719999999997
3327,1658936243,0.2506266
3328,1658936244,0.0
3329,1658936245,0.25
3330,1658936246,0.0
3331,1658936247,0.7481297
3332,1658936248,0.0
3333,1658936249,0.0
3334,1658936250,7.21393
3335,1658936251,0.4950495
3336,1658936252,0.7537688
3337,1658936253,0.2506266
3338,1658936254,0.9975062
3339,1658936255,0.24937659999999998
3340,1658936256,0.7462687
3341,1658936257,0.4962779
3342,1658936258,0.24875619999999998
3343,1658936259,0.0
3344,1658936260,0.0
3345,1658936261,0.75
3346,1658936262,1.2437811
3347,1658936263,4.962779
3348,1658936264,3.241895
3349,1658936265,0.0
3350,1658936266,0.24630539999999998
3351,1658936267,0.7481297
3352,1658936268,0.2506266
3353,1658936269,0.5
3354,1658936270,0.7518796999999999
3355,1658936271,0.2475248
3356,1658936272,1.9607839999999999
3357,1658936273,0.25
3358,1658936274,0.0
3359,1658936275,0.5
3360,1658936276,0.4962779
3361,1658936277,8.270677
3362,1658936278,1.0050251
3363,1658936279,0.49751239999999997
3364,1658936280,2.233251
3365,1658936281,0.75
3366,1658936282,0.7462687
3367,1658936283,0.2506266
3368,1658936284,0.0
3369,1658936285,0.0
3370,1658936286,0.49382719999999997
3371,1658936287,0.7462687
3372,1658936288,0.0
3373,1658936289,0.7481297
3374,1658936290,0.0
3375,1658936291,0.24875619999999998
3376,1658936292,0.4950495
3377,1658936293,0.5
3378,1658936294,0.24875619999999998
3379,1658936295,0.0
3380,1658936296,0.4962779
3381,1658936297,1.0
3382,1658936298,1.2345679
3383,1658936299,0.7444168999999999
3384,1658936300,0.4962779
3385,1658936301,0.4962779
3386,1658936302,0.9950249
3387,1658936303,0.25
3388,1658936304,10.050251
3389,1658936305,0.9975062
3390,1658936306,0.2512563
3391,1658936307,1.2376238
3392,1658936308,0.2506266
3393,1658936309,0.7481297
3394,1658936310,0.4962779
3395,1658936311,0.5
3396,1658936312,1.4962594
3397,1658936313,0.5037783
3398,1658936314,0.4950495
3399,1658936315,0.0
3400,1658936316,0.24937659999999998
3401,1658936317,0.25316459999999996
3402,1658936318,0.75
3403,1658936319,0.5012531
3404,1658936320,1.75
3405,1658936321,11.111111
3406,1658936322,1.0025063
3407,1658936323,0.24937659999999998
3408,1658936324,0.7462687
3409,1658936325,0.5025126
3410,1658936326,0.7537688
3411,1658936327,0.7462687
3412,1658936328,0.5012531
3413,1658936329,0.248139
3414,1658936330,0.0
3415,1658936331,0.75
3416,1658936332,0.7462687
3417,1658936333,0.5012531
3418,1658936334,0.0
3419,1658936335,0.49751239999999997
3420,1658936336,0.7518796999999999
3421,1658936337,0.2506266
3422,1658936338,5.050505
3423,1658936339,13.589744
3424,1658936340,3.25
3425,1658936341,0.7556674999999999
3426,1658936342,1.2468828
3427,1658936343,0.5012531
3428,1658936344,0.7462687
3429,1658936345,0.5025126
3430,1658936346,0.9975062
3431,1658936347,0.49751239999999997
3432,1658936348,0.0
3433,1658936349,0.24875619999999998
3434,1658936350,0.4962779
3435,1658936351,0.0
3436,1658936352,0.7481297
3437,1658936353,0.5012531
3438,1658936354,0.0
3439,1658936355,0.0
3440,1658936356,0.248139
3441,1658936357,1.995012
3442,1658936358,0.0
3443,1658936359,0.0
3444,1658936360,9.390863
3445,1658936361,2.261307
3446,1658936362,0.4962779
3447,1658936363,0.0
3448,1658936364,0.0
3449,1658936365,0.4987531
3450,1658936366,0.4950495
3451,1658936367,1.25
3452,1658936368,0.0
3453,1658936369,0.0
3454,1658936370,0.4962779
3455,1658936371,0.0
3456,1658936372,0.4950495
3457,1658936373,0.24875619999999998
3458,1658936374,0.2506266
3459,1658936375,0.5
3460,1658936376,0.2475248
3461,1658936377,0.9925558
3462,1658936378,3.7783379999999998
3463,1658936379,8.080808
3464,1658936380,0.0
3465,1658936381,3.491272
3466,1658936382,1.2562814
3467,1658936383,0.0
3468,1658936384,0.0
3469,1658936385,0.49751239999999997
3470,1658936386,0.0
3471,1658936387,0.7462687
3472,1658936388,0.2506266
3473,1658936389,0.24875619999999998
3474,1658936390,0.49382719999999997
3475,1658936391,0.2525253
3476,1658936392,0.7407406999999999
3477,1658936393,0.0
3478,1658936394,0.0
3479,1658936395,6.75
3480,1658936396,0.25
3481,1658936397,1.4851485
3482,1658936398,0.2512563
3483,1658936399,0.0
3484,1658936400,2.977667
3485,1658936401,0.9950249
3486,1658936402,3.482587
3487,1658936403,0.5012531
3488,1658936404,0.75
3489,1658936405,0.7481297
3490,1658936406,0.49751239999999997
3491,1658936407,0.7389163
3492,1658936408,0.0
3493,1658936409,8.585859
3494,1658936410,0.7481297
3495,1658936411,0.2506266
3496,1658936412,1.741294
3497,1658936413,0.25
3498,1658936414,0.0
3499,1658936415,0.0
3500,1658936416,0.0
3501,1658936417,0.0
3502,1658936418,0.0
3503,1658936419,0.0
3504,1658936420,0.0
3505,1658936421,0.24875619999999998
3506,1658936422,0.9925558
3507,1658936423,0.24937659999999998
3508,1658936424,0.24937659999999998
3509,1658936425,1.25
3510,1658936426,0.5050505
3511,1658936427,0.9925558
3512,1658936428,0.0
3513,1658936429,0.2512563
3514,1658936430,0.0
3515,1658936431,0.248139
3516,1658936432,0.49751239999999997
3517,1658936433,0.5063291
3518,1658936434,0.49751239999999997
3519,1658936435,0.0
3520,1658936436,0.49751239999999997
3521,1658936437,0.2506266
3522,1658936438,0.75
3523,1658936439,1.4851485
3524,1658936440,0.5
3525,1658936441,0.0
3526,1658936442,0.2506266
3527,1658936443,0.75
3528,1658936444,0.49751239999999997
3529,1658936445,0.5
3530,1658936446,0.4987531
3531,1658936447,1.5037593999999999
3532,1658936448,1.0
3533,1658936449,0.24875619999999998
3534,1658936450,0.75
3535,1658936451,0.0
3536,1658936452,0.7481297
3537,1658936453,0.0
3538,1658936454,0.24937659999999998
3539,1658936455,1.010101
3540,1658936456,0.2475248
3541,1658936457,0.5012531
3542,1658936458,0.0
3543,1658936459,0.2506266
3544,1658936460,3.75
3545,1658936461,0.7518796999999999
3546,1658936462,2.01005
3547,1658936463,0.0
3548,1658936464,0.24875619999999998
3549,1658936465,0.0
3550,1658936466,0.24937659999999998
3551,1658936467,0.2518892
3552,1658936468,0.7518796999999999
3553,1658936469,0.2506266
3554,1658936470,0.5
3555,1658936471,0.25
3556,1658936472,0.9925558
3557,1658936473,0.24937659999999998
3558,1658936474,0.7462687
3559,1658936475,0.7556674999999999
3560,1658936476,0.7462687
3561,1658936477,0.4987531
3562,1658936478,0.0
3563,1658936479,0.0
3564,1658936480,0.7518796999999999
3565,1658936481,0.7481297
3566,1658936482,0.5012531
3567,1658936483,0.7575757999999999
3568,1658936484,0.0
3569,1658936485,0.248139
3570,1658936486,0.248139
3571,1658936487,0.9828009999999999
3572,1658936488,0.49751239999999997
3573,1658936489,0.2512563
3574,1658936490,0.25
3575,1658936491,0.0
3576,1658936492,0.248139
3577,1658936493,0.0
3578,1658936494,8.684864
3579,1658936495,0.2506266
3580,1658936496,0.5
3581,1658936497,1.2437811
3582,1658936498,0.2538071
3583,1658936499,0.0
3584,1658936500,0.0
3585,1658936501,0.2506266
3586,1658936502,1.5
3587,1658936503,0.5012531
3588,1658936504,0.2512563
3589,1658936505,0.5012531
3590,1658936506,0.2475248
3591,1658936507,0.2475248
3592,1658936508,6.965174
3593,1658936509,0.25
3594,1658936510,0.0
3595,1658936511,1.0
3596,1658936512,1.2468828
3597,1658936513,0.7556674999999999
3598,1658936514,0.248139
3599,1658936515,0.7481297
